year,hh_usd_mmbtu
1997,2.4966666666666666
1998,2.0908333333333333
1999,2.27
2000,4.309166666666667
2001,3.956666666666667
2002,3.3666666666666667
2003,5.485833333333333
2004,5.8999999999999995
2005,8.811666666666666
2006,6.745
2007,6.976666666666667
2008,8.861666666666666
2009,3.948333333333333
2010,4.386666666666667
2011,4.0
2012,2.7525
2013,3.7283333333333335
2014,4.391666666666667
2015,2.63
2016,2.515
2017,2.9858333333333333
2018,3.1666666666666665
2019,2.5658333333333334
2020,2.033333333333333
2021,3.908333333333333
2022,6.418333333333333
2023,2.535833333333333
2024,2.1933333333333334
