state,year,median_income
AL,2024,65560
AL,2023,60660
AL,2022,59910
AL,2021,56930
AL,2020,54690
AL,2019,56200
AL,2018,49940
AL,2017,50870
AL,2016,47220
AL,2015,44510
AL,2014,42280
AL,2013,47320
AL,2012,43460
AL,2011,42590
AL,2010,40930
AL,2009,39980
AL,2008,44480
AL,2007,42210
AL,2006,37950
AL,2005,37150
AL,2004,36630
AL,2003,37260
AL,2002,37600
AL,2001,35160
AL,2000,35420
AL,1999,36250
AL,1998,36270
AL,1997,31940
AL,1996,30300
AL,1995,25990
AL,1994,27200
AL,1993,25080
AL,1992,25810
AL,1991,24350
AL,1990,23360
AL,1989,21280
AL,1988,19950
AL,1987,19730
AL,1986,19130
AL,1985,18330
AL,1984,17310
AK,2024,91260
AK,2023,98190
AK,2022,89740
AK,2021,81130
AK,2020,74750
AK,2019,78390
AK,2018,68730
AK,2017,77990
AK,2016,75720
AK,2015,75110
AK,2014,67630
AK,2013,72470
AK,2012,63650
AK,2011,57430
AK,2010,57850
AK,2009,61600
AK,2008,63990
AK,2007,62990
AK,2006,56420
AK,2005,55890
AK,2004,55060
AK,2003,51840
AK,2002,52770
AK,2001,57360
AK,2000,52850
AK,1999,51400
AK,1998,50690
AK,1997,47990
AK,1996,52780
AK,1995,47950
AK,1994,45370
AK,1993,42930
AK,1992,41800
AK,1991,40610
AK,1990,39300
AK,1989,36010
AK,1988,33100
AK,1987,33230
AK,1986,31360
AK,1985,34780
AK,1984,32360
AZ,2024,84700
AZ,2023,82660
AZ,2022,73450
AZ,2021,70820
AZ,2020,67090
AZ,2019,70670
AZ,2018,62280
AZ,2017,59700
AZ,2016,57100
AZ,2015,52250
AZ,2014,49250
AZ,2013,52610
AZ,2012,47040
AZ,2011,48620
AZ,2010,46900
AZ,2009,45740
AZ,2008,46910
AZ,2007,47220
AZ,2006,46660
AZ,2005,45250
AZ,2004,43850
AZ,2003,41170
AZ,2002,39730
AZ,2001,42700
AZ,2000,39780
AZ,1999,37000
AZ,1998,37090
AZ,1997,32740
AZ,1996,31640
AZ,1995,30860
AZ,1994,31290
AZ,1993,30510
AZ,1992,29360
AZ,1991,30740
AZ,1990,29220
AZ,1989,28550
AZ,1988,26440
AZ,1987,26750
AZ,1986,25500
AZ,1985,23880
AZ,1984,21430
AR,2024,64840
AR,2023,63250
AR,2022,53980
AR,2021,50780
AR,2020,50780
AR,2019,54540
AR,2018,49780
AR,2017,49750
AR,2016,45910
AR,2015,42800
AR,2014,44920
AR,2013,39380
AR,2012,39020
AR,2011,41300
AR,2010,38590
AR,2009,36540
AR,2008,39590
AR,2007,40800
AR,2006,37060
AR,2005,36660
AR,2004,34980
AR,2003,32000
AR,2002,32390
AR,2001,33340
AR,2000,29700
AR,1999,29680
AR,1998,27670
AR,1997,26160
AR,1996,27120
AR,1995,25810
AR,1994,25570
AR,1993,23040
AR,1992,23880
AR,1991,23440
AR,1990,22790
AR,1989,21430
AR,1988,20170
AR,1987,18830
AR,1986,18730
AR,1985,17450
AR,1984,15670
CA,2024,100600
CA,2023,89870
CA,2022,85300
CA,2021,81580
CA,2020,77650
CA,2019,78100
CA,2018,70490
CA,2017,70040
CA,2016,66640
CA,2015,63640
CA,2014,60490
CA,2013,60790
CA,2012,57020
CA,2011,53370
CA,2010,54280
CA,2009,56130
CA,2008,57010
CA,2007,55730
CA,2006,55320
CA,2005,51760
CA,2004,49220
CA,2003,49300
CA,2002,47440
CA,2001,47260
CA,2000,46820
CA,1999,43630
CA,1998,40930
CA,1997,39690
CA,1996,38810
CA,1995,37010
CA,1994,35330
CA,1993,34070
CA,1992,34900
CA,1991,33660
CA,1990,33290
CA,1989,33010
CA,1988,30290
CA,1987,30150
CA,1986,29010
CA,1985,26980
CA,1984,25290
CO,2024,106500
CO,2023,96640
CO,2022,89930
CO,2021,84950
CO,2020,83780
CO,2019,72500
CO,2018,73030
CO,2017,74980
CO,2016,70570
CO,2015,66600
CO,2014,60940
CO,2013,67910
CO,2012,57260
CO,2011,58630
CO,2010,60230
CO,2009,55930
CO,2008,60940
CO,2007,61140
CO,2006,55700
CO,2005,50450
CO,2004,50890
CO,2003,49940
CO,2002,48290
CO,2001,49400
CO,2000,48240
CO,1999,48180
CO,1998,46600
CO,1997,43230
CO,1996,40950
CO,1995,40710
CO,1994,37830
CO,1993,34490
CO,1992,32480
CO,1991,31500
CO,1990,30730
CO,1989,26810
CO,1988,26210
CO,1987,26480
CO,1986,27190
CO,1985,28180
CO,1984,25800
CT,2024,99240
CT,2023,92240
CT,2022,90730
CT,2021,80960
CT,2020,79430
CT,2019,87290
CT,2018,72810
CT,2017,74300
CT,2016,75920
CT,2015,72890
CT,2014,70160
CT,2013,69290
CT,2012,64250
CT,2011,65420
CT,2010,66000
CT,2009,64850
CT,2008,64680
CT,2007,64140
CT,2006,62400
CT,2005,56840
CT,2004,55100
CT,2003,54970
CT,2002,53390
CT,2001,53350
CT,2000,50170
CT,1999,50590
CT,1998,46510
CT,1997,43990
CT,1996,42120
CT,1995,40240
CT,1994,41100
CT,1993,39520
CT,1992,40840
CT,1991,42150
CT,1990,38870
CT,1989,42320
CT,1988,36210
CT,1987,32860
CT,1986,32720
CT,1985,31090
CT,1984,29950
DE,2024,85860
DE,2023,86340
DE,2022,80750
DE,2021,68690
DE,2020,70020
DE,2019,74190
DE,2018,65010
DE,2017,64960
DE,2016,58050
DE,2015,57760
DE,2014,57520
DE,2013,54090
DE,2012,48970
DE,2011,54660
DE,2010,55210
DE,2009,52110
DE,2008,50700
DE,2007,54590
DE,2006,52440
DE,2005,51240
DE,2004,48050
DE,2003,49020
DE,2002,49650
DE,2001,49600
DE,2000,50370
DE,1999,46630
DE,1998,41460
DE,1997,43030
DE,1996,39310
DE,1995,34930
DE,1994,35870
DE,1993,36060
DE,1992,35680
DE,1991,32590
DE,1990,30800
DE,1989,32070
DE,1988,30510
DE,1987,29240
DE,1986,25630
DE,1985,22980
DE,1984,25820
DC,2024,104800
DC,2023,111000
DC,2022,101700
DC,2021,90640
DC,2020,88220
DC,2019,93110
DC,2018,85750
DC,2017,81280
DC,2016,70980
DC,2015,70070
DC,2014,68280
DC,2013,60060
DC,2012,65250
DC,2011,55250
DC,2010,56930
DC,2009,53140
DC,2008,55590
DC,2007,50780
DC,2006,48480
DC,2005,44990
DC,2004,43450
DC,2003,45040
DC,2002,39070
DC,2001,41170
DC,2000,41220
DC,1999,38670
DC,1998,33430
DC,1997,31860
DC,1996,31970
DC,1995,30750
DC,1994,30120
DC,1993,27300
DC,1992,30250
DC,1991,29890
DC,1990,27390
DC,1989,26750
DC,1988,26740
DC,1987,27460
DC,1986,24320
DC,1985,21080
DC,1984,20410
FL,2024,75630
FL,2023,72200
FL,2022,65370
FL,2021,59730
FL,2020,57760
FL,2019,58370
FL,2018,54640
FL,2017,53090
FL,2016,51180
FL,2015,48830
FL,2014,46140
FL,2013,48530
FL,2012,46070
FL,2011,45110
FL,2010,44070
FL,2009,45630
FL,2008,44860
FL,2007,45790
FL,2006,45680
FL,2005,42990
FL,2004,40540
FL,2003,38970
FL,2002,38020
FL,2001,36420
FL,2000,38860
FL,1999,35830
FL,1998,34910
FL,1997,32460
FL,1996,30640
FL,1995,29750
FL,1994,29290
FL,1993,28550
FL,1992,27350
FL,1991,27250
FL,1990,26690
FL,1989,26090
FL,1988,25410
FL,1987,24490
FL,1986,22850
FL,1985,21340
FL,1984,19790
GA,2024,81210
GA,2023,72420
GA,2022,67730
GA,2021,61500
GA,2020,59270
GA,2019,56630
GA,2018,55820
GA,2017,57990
GA,2016,53530
GA,2015,50770
GA,2014,49560
GA,2013,46990
GA,2012,48120
GA,2011,45970
GA,2010,44120
GA,2009,43340
GA,2008,46230
GA,2007,48640
GA,2006,49340
GA,2005,45930
GA,2004,40980
GA,2003,42440
GA,2002,42940
GA,2001,42580
GA,2000,41900
GA,1999,39430
GA,1998,38670
GA,1997,36660
GA,1996,32500
GA,1995,34100
GA,1994,31470
GA,1993,31660
GA,1992,28800
GA,1991,27210
GA,1990,27560
GA,1989,27540
GA,1988,26570
GA,1987,26710
GA,1986,24370
GA,1985,21050
GA,1984,19980
HI,2024,98240
HI,2023,97360
HI,2022,91010
HI,2021,82200
HI,2020,80830
HI,2019,88010
HI,2018,80110
HI,2017,73600
HI,2016,72130
HI,2015,64510
HI,2014,71220
HI,2013,64240
HI,2012,56260
HI,2011,59050
HI,2010,59540
HI,2009,55650
HI,2008,61520
HI,2007,64020
HI,2006,60470
HI,2005,59590
HI,2004,56240
HI,2003,51830
HI,2002,47300
HI,2001,47440
HI,2000,51550
HI,1999,44500
HI,1998,40830
HI,1997,40930
HI,1996,41770
HI,1995,42850
HI,1994,42260
HI,1993,42660
HI,1992,42110
HI,1991,37250
HI,1990,38920
HI,1989,35040
HI,1988,33020
HI,1987,35020
HI,1986,29000
HI,1985,28960
HI,1984,28880
ID,2024,81650
ID,2023,73910
ID,2022,72580
ID,2021,76920
ID,2020,66730
ID,2019,65990
ID,2018,58730
ID,2017,59500
ID,2016,56560
ID,2015,51620
ID,2014,53440
ID,2013,48470
ID,2012,47920
ID,2011,47460
ID,2010,47050
ID,2009,46780
ID,2008,47420
ID,2007,49180
ID,2006,46210
ID,2005,44180
ID,2004,44360
ID,2003,42370
ID,2002,37720
ID,2001,38240
ID,2000,37610
ID,1999,35800
ID,1998,36680
ID,1997,33400
ID,1996,34710
ID,1995,32680
ID,1994,31540
ID,1993,31010
ID,1992,27700
ID,1991,26120
ID,1990,25310
ID,1989,24650
ID,1988,23450
ID,1987,20760
ID,1986,20750
ID,1985,20760
ID,1984,21090
IL,2024,84210
IL,2023,87820
IL,2022,78020
IL,2021,79250
IL,2020,74330
IL,2019,74400
IL,2018,70150
IL,2017,65970
IL,2016,61390
IL,2015,60410
IL,2014,54920
IL,2013,53940
IL,2012,51740
IL,2011,50640
IL,2010,50730
IL,2009,52870
IL,2008,53250
IL,2007,52510
IL,2006,48670
IL,2005,48400
IL,2004,46080
IL,2003,45150
IL,2002,42710
IL,2001,46170
IL,2000,46060
IL,1999,46330
IL,1998,43180
IL,1997,41280
IL,1996,39550
IL,1995,38070
IL,1994,35080
IL,1993,32860
IL,1992,31550
IL,1991,31880
IL,1990,32540
IL,1989,31300
IL,1988,29520
IL,1987,27080
IL,1986,26510
IL,1985,24870
IL,1984,23750
IN,2024,76710
IN,2023,76910
IN,2022,70030
IN,2021,70190
IN,2020,66810
IN,2019,66690
IN,2018,59890
IN,2017,58770
IN,2016,56090
IN,2015,51980
IN,2014,48060
IN,2013,49460
IN,2012,46160
IN,2011,44450
IN,2010,46140
IN,2009,44310
IN,2008,46520
IN,2007,47450
IN,2006,45410
IN,2005,42440
IN,2004,42330
IN,2003,42430
IN,2002,41050
IN,2001,40380
IN,2000,40870
IN,1999,40840
IN,1998,39730
IN,1997,38890
IN,1996,35150
IN,1995,33390
IN,1994,27860
IN,1993,29480
IN,1992,28530
IN,1991,27090
IN,1990,26930
IN,1989,25900
IN,1988,26290
IN,1987,22520
IN,1986,22730
IN,1985,22680
IN,1984,22770
IA,2024,85480
IA,2023,80860
IA,2022,76320
IA,2021,72430
IA,2020,68820
IA,2019,66050
IA,2018,68720
IA,2017,63470
IA,2016,59090
IA,2015,60860
IA,2014,57810
IA,2013,60160
IA,2012,53440
IA,2011,50220
IA,2010,49020
IA,2009,50720
IA,2008,50140
IA,2007,48910
IA,2006,48130
IA,2005,46500
IA,2004,43390
IA,2003,41380
IA,2002,41050
IA,2001,40980
IA,2000,40990
IA,1999,41100
IA,1998,37020
IA,1997,33780
IA,1996,33210
IA,1995,35520
IA,1994,33080
IA,1993,28660
IA,1992,28740
IA,1991,28550
IA,1990,27290
IA,1989,26270
IA,1988,24310
IA,1987,22190
IA,1986,22460
IA,1985,20930
IA,1984,19860
KS,2024,87690
KS,2023,84830
KS,2022,73040
KS,2021,75980
KS,2020,73080
KS,2019,73150
KS,2018,63940
KS,2017,56900
KS,2016,56810
KS,2015,54870
KS,2014,53440
KS,2013,47820
KS,2012,50000
KS,2011,46150
KS,2010,46050
KS,2009,44720
KS,2008,47880
KS,2007,48500
KS,2006,45550
KS,2005,42030
KS,2004,41070
KS,2003,44230
KS,2002,42620
KS,2001,41420
KS,2000,41060
KS,1999,37350
KS,1998,36710
KS,1997,36470
KS,1996,32590
KS,1995,30340
KS,1994,28320
KS,1993,29770
KS,1992,30350
KS,1991,29300
KS,1990,29920
KS,1989,26860
KS,1988,25570
KS,1987,25580
KS,1986,23930
KS,1985,22790
KS,1984,24630
KY,2024,64790
KY,2023,61980
KY,2022,55870
KY,2021,55630
KY,2020,56760
KY,2019,55660
KY,2018,54560
KY,2017,49670
KY,2016,45370
KY,2015,42390
KY,2014,42790
KY,2013,44880
KY,2012,41090
KY,2011,39860
KY,2010,41100
KY,2009,42660
KY,2008,41150
KY,2007,39450
KY,2006,39490
KY,2005,36700
KY,2004,35610
KY,2003,36940
KY,2002,36760
KY,2001,38440
KY,2000,36270
KY,1999,33740
KY,1998,36250
KY,1997,33450
KY,1996,32410
KY,1995,29810
KY,1994,26600
KY,1993,24380
KY,1992,23490
KY,1991,23760
KY,1990,24780
KY,1989,23280
KY,1988,19910
KY,1987,20670
KY,1986,19870
KY,1985,17360
KY,1984,17680
LA,2024,60740
LA,2023,57650
LA,2022,58320
LA,2021,57210
LA,2020,51190
LA,2019,51710
LA,2018,49970
LA,2017,43570
LA,2016,42200
LA,2015,45920
LA,2014,42410
LA,2013,46430
LA,2012,39090
LA,2011,40660
LA,2010,39300
LA,2009,45430
LA,2008,39560
LA,2007,41310
LA,2006,36490
LA,2005,37240
LA,2004,36430
LA,2003,33510
LA,2002,34010
LA,2001,33320
LA,2000,30720
LA,1999,32650
LA,1998,31740
LA,1997,33260
LA,1996,30260
LA,1995,27950
LA,1994,25680
LA,1993,26310
LA,1992,25440
LA,1991,25300
LA,1990,22410
LA,1989,22860
LA,1988,20500
LA,1987,21350
LA,1986,20890
LA,1985,21180
LA,1984,18950
ME,2024,90730
ME,2023,75740
ME,2022,75160
ME,2021,71140
ME,2020,63690
ME,2019,66550
ME,2018,58660
ME,2017,53320
ME,2016,50860
ME,2015,50760
ME,2014,51710
ME,2013,54960
ME,2012,49160
ME,2011,49690
ME,2010,47930
ME,2009,47500
ME,2008,47230
ME,2007,47890
ME,2006,45640
ME,2005,43920
ME,2004,41330
ME,2003,37110
ME,2002,36850
ME,2001,36610
ME,2000,37270
ME,1999,38860
ME,1998,35640
ME,1997,32770
ME,1996,34700
ME,1995,33860
ME,1994,30320
ME,1993,27440
ME,1992,29620
ME,1991,27870
ME,1990,27460
ME,1989,28220
ME,1988,26400
ME,1987,23600
ME,1986,23420
ME,1985,20520
ME,1984,20650
MD,2024,109700
MD,2023,102000
MD,2022,108200
MD,2021,97330
MD,2020,94790
MD,2019,95570
MD,2018,86220
MD,2017,82090
MD,2016,73760
MD,2015,73590
MD,2014,76170
MD,2013,69350
MD,2012,71840
MD,2011,68880
MD,2010,64200
MD,2009,64190
MD,2008,63710
MD,2007,65630
MD,2006,63670
MD,2005,60510
MD,2004,57100
MD,2003,52310
MD,2002,56410
MD,2001,53530
MD,2000,54540
MD,1999,52210
MD,1998,50020
MD,1997,46690
MD,1996,43990
MD,1995,41040
MD,1994,39200
MD,1993,39940
MD,1992,37200
MD,1991,36950
MD,1990,38860
MD,1989,36020
MD,1988,36550
MD,1987,34970
MD,1986,30600
MD,1985,30140
MD,1984,29710
MA,2024,113900
MA,2023,106500
MA,2022,93550
MA,2021,86570
MA,2020,87810
MA,2019,87710
MA,2018,86350
MA,2017,76240
MA,2016,72270
MA,2015,67860
MA,2014,63150
MA,2013,62530
MA,2012,63660
MA,2011,63310
MA,2010,60930
MA,2009,59370
MA,2008,60320
MA,2007,58460
MA,2006,55330
MA,2005,56020
MA,2004,52020
MA,2003,50960
MA,2002,49860
MA,2001,52250
MA,2000,46750
MA,1999,44010
MA,1998,42350
MA,1997,42020
MA,1996,39490
MA,1995,38570
MA,1994,40500
MA,1993,37060
MA,1992,36360
MA,1991,35710
MA,1990,36250
MA,1989,36090
MA,1988,33210
MA,1987,32240
MA,1986,30340
MA,1985,28210
MA,1984,26960
MI,2024,79460
MI,2023,76960
MI,2022,68990
MI,2021,64490
MI,2020,64390
MI,2019,64120
MI,2018,60450
MI,2017,56410
MI,2016,57090
MI,2015,54200
MI,2014,52010
MI,2013,56570
MI,2012,50020
MI,2011,48880
MI,2010,46280
MI,2009,45990
MI,2008,49790
MI,2007,49370
MI,2006,48650
MI,2005,45930
MI,2004,42260
MI,2003,45020
MI,2002,42720
MI,2001,45050
MI,2000,45510
MI,1999,46090
MI,1998,41820
MI,1997,38740
MI,1996,39230
MI,1995,36430
MI,1994,35280
MI,1993,32660
MI,1992,32270
MI,1991,32120
MI,1990,29940
MI,1989,30780
MI,1988,29470
MI,1987,27700
MI,1986,26610
MI,1985,24240
MI,1984,22970
MN,2024,92350
MN,2023,90340
MN,2022,90390
MN,2021,80440
MN,2020,78750
MN,2019,81430
MN,2018,71820
MN,2017,69980
MN,2016,70220
MN,2015,68730
MN,2014,67240
MN,2013,64320
MN,2012,61800
MN,2011,57820
MN,2010,52320
MN,2009,56090
MN,2008,54930
MN,2007,58060
MN,2006,56210
MN,2005,54220
MN,2004,56100
MN,2003,52820
MN,2002,54620
MN,2001,52680
MN,2000,54250
MN,1999,47040
MN,1998,47930
MN,1997,42560
MN,1996,40990
MN,1995,37930
MN,1994,33640
MN,1993,33680
MN,1992,30980
MN,1991,29480
MN,1990,31470
MN,1989,30190
MN,1988,29090
MN,1987,28080
MN,1986,26440
MN,1985,23860
MN,1984,24440
MS,2024,55980
MS,2023,55060
MS,2022,48610
MS,2021,46640
MS,2020,45130
MS,2019,44790
MS,2018,42780
MS,2017,43280
MS,2016,41100
MS,2015,40040
MS,2014,35520
MS,2013,32340
MS,2012,36640
MS,2011,41090
MS,2010,38160
MS,2009,35080
MS,2008,36450
MS,2007,37280
MS,2006,34730
MS,2005,32880
MS,2004,34760
MS,2003,32730
MS,2002,30880
MS,2001,30160
MS,2000,34300
MS,1999,32480
MS,1998,29120
MS,1997,28500
MS,1996,26680
MS,1995,26540
MS,1994,25400
MS,1993,22190
MS,1992,20570
MS,1991,19480
MS,1990,20180
MS,1989,19920
MS,1988,18170
MS,1987,18510
MS,1986,16510
MS,1985,16410
MS,1984,15430
MO,2024,78390
MO,2023,78290
MO,2022,71520
MO,2021,63590
MO,2020,62180
MO,2019,60600
MO,2018,61730
MO,2017,56530
MO,2016,55020
MO,2015,59200
MO,2014,56630
MO,2013,46300
MO,2012,49760
MO,2011,45770
MO,2010,45820
MO,2009,48770
MO,2008,46040
MO,2007,46010
MO,2006,44580
MO,2005,42990
MO,2004,42140
MO,2003,43760
MO,2002,42780
MO,2001,41340
MO,2000,45100
MO,1999,41380
MO,1998,40200
MO,1997,36550
MO,1996,34270
MO,1995,34830
MO,1994,30190
MO,1993,28680
MO,1992,27360
MO,1991,27930
MO,1990,27330
MO,1989,26500
MO,1988,23440
MO,1987,23720
MO,1986,21930
MO,1985,21940
MO,1984,20780
MT,2024,81920
MT,2023,79220
MT,2022,72970
MT,2021,65000
MT,2020,56740
MT,2019,60190
MT,2018,57680
MT,2017,57410
MT,2016,57080
MT,2015,51400
MT,2014,51100
MT,2013,43200
MT,2012,45090
MT,2011,40280
MT,2010,41280
MT,2009,40440
MT,2008,42900
MT,2007,43660
MT,2006,41110
MT,2005,37310
MT,2004,33960
MT,2003,34110
MT,2002,34840
MT,2001,32130
MT,2000,32780
MT,1999,31040
MT,1998,31580
MT,1997,29210
MT,1996,28680
MT,1995,27760
MT,1994,27630
MT,1993,26470
MT,1992,26530
MT,1991,24830
MT,1990,23380
MT,1989,23690
MT,1988,22230
MT,1987,20470
MT,1986,20330
MT,1985,20240
MT,1984,19540
NE,2024,86140
NE,2023,89190
NE,2022,78360
NE,2021,78110
NE,2020,72250
NE,2019,73070
NE,2018,67580
NE,2017,59580
NE,2016,59370
NE,2015,60470
NE,2014,56870
NE,2013,57620
NE,2012,52200
NE,2011,55620
NE,2010,52500
NE,2009,49600
NE,2008,50730
NE,2007,49170
NE,2006,48150
NE,2005,47920
NE,2004,43790
NE,2003,43970
NE,2002,42800
NE,2001,43610
NE,2000,41750
NE,1999,38630
NE,1998,36410
NE,1997,34690
NE,1996,34010
NE,1995,32930
NE,1994,31790
NE,1993,31010
NE,1992,30050
NE,1991,29550
NE,1990,27480
NE,1989,26320
NE,1988,25160
NE,1987,23270
NE,1986,21770
NE,1985,21800
NE,1984,21400
NV,2024,80590
NV,2023,81310
NV,2022,72330
NV,2021,64340
NV,2020,61160
NV,2019,70910
NV,2018,61860
NV,2017,58040
NV,2016,55430
NV,2015,52010
NV,2014,49880
NV,2013,51850
NV,2012,47330
NV,2011,47040
NV,2010,51200
NV,2009,51430
NV,2008,54740
NV,2007,54060
NV,2006,52280
NV,2005,48210
NV,2004,47200
NV,2003,45180
NV,2002,44960
NV,2001,45400
NV,2000,45760
NV,1999,41460
NV,1998,39760
NV,1997,38850
NV,1996,38540
NV,1995,36080
NV,1994,35870
NV,1993,35810
NV,1992,31910
NV,1991,32940
NV,1990,32020
NV,1989,29340
NV,1988,27980
NV,1987,26880
NV,1986,26220
NV,1985,23270
NV,1984,25780
NH,2024,111800
NH,2023,98780
NH,2022,84970
NH,2021,88840
NH,2020,88890
NH,2019,86900
NH,2018,81350
NH,2017,75630
NH,2016,76260
NH,2015,75680
NH,2014,73400
NH,2013,69100
NH,2012,67820
NH,2011,65880
NH,2010,66630
NH,2009,64130
NH,2008,66180
NH,2007,67580
NH,2006,61970
NH,2005,56980
NH,2004,56820
NH,2003,55570
NH,2002,55320
NH,2001,51330
NH,2000,50930
NH,1999,46060
NH,1998,44960
NH,1997,41000
NH,1996,39410
NH,1995,39170
NH,1994,35250
NH,1993,37960
NH,1992,39440
NH,1991,36030
NH,1990,40810
NH,1989,37530
NH,1988,34630
NH,1987,32340
NH,1986,30550
NH,1985,26400
NH,1984,25910
NJ,2024,103500
NJ,2023,91590
NJ,2022,92340
NJ,2021,88560
NJ,2020,85550
NJ,2019,87730
NJ,2018,74180
NJ,2017,71240
NJ,2016,68470
NJ,2015,68360
NJ,2014,65240
NJ,2013,63750
NJ,2012,66690
NJ,2011,62340
NJ,2010,62970
NJ,2009,64780
NJ,2008,65310
NJ,2007,60510
NJ,2006,68060
NJ,2005,63370
NJ,2004,55280
NJ,2003,56050
NJ,2002,54570
NJ,2001,51770
NJ,2000,50410
NJ,1999,49730
NJ,1998,49830
NJ,1997,48020
NJ,1996,47470
NJ,1995,43920
NJ,1994,42280
NJ,1993,40500
NJ,1992,39000
NJ,1991,40050
NJ,1990,38730
NJ,1989,39120
NJ,1988,36290
NJ,1987,34240
NJ,1986,31720
NJ,1985,30980
NJ,1984,27780
NM,2024,64140
NM,2023,60980
NM,2022,56420
NM,2021,53460
NM,2020,50910
NM,2019,53110
NM,2018,48280
NM,2017,45600
NM,2016,48450
NM,2015,45120
NM,2014,46690
NM,2013,40170
NM,2012,43420
NM,2011,41980
NM,2010,45130
NM,2009,43540
NM,2008,42100
NM,2007,44360
NM,2006,40030
NM,2005,38950
NM,2004,39560
NM,2003,35110
NM,2002,35460
NM,2001,33120
NM,2000,35090
NM,1999,32570
NM,1998,31540
NM,1997,30090
NM,1996,25090
NM,1995,25990
NM,1994,26910
NM,1993,26760
NM,1992,25860
NM,1991,26540
NM,1990,25040
NM,1989,22600
NM,1988,19300
NM,1987,20760
NM,1986,19850
NM,1985,20420
NM,1984,20630
NY,2024,86830
NY,2023,81600
NY,2022,75910
NY,2021,72920
NY,2020,68660
NY,2019,71850
NY,2018,67270
NY,2017,61540
NY,2016,61440
NY,2015,58010
NY,2014,54310
NY,2013,49970
NY,2012,47680
NY,2011,50640
NY,2010,49780
NY,2009,50220
NY,2008,50460
NY,2007,48940
NY,2006,48220
NY,2005,47180
NY,2004,44650
NY,2003,42790
NY,2002,41970
NY,2001,42110
NY,2000,40740
NY,1999,39990
NY,1998,37390
NY,1997,35800
NY,1996,35410
NY,1995,33030
NY,1994,31900
NY,1993,31700
NY,1992,31050
NY,1991,31790
NY,1990,31590
NY,1989,31500
NY,1988,28920
NY,1987,26380
NY,1986,25030
NY,1985,23640
NY,1984,22030
NC,2024,67220
NC,2023,68610
NC,2022,65070
NC,2021,62890
NC,2020,60430
NC,2019,61160
NC,2018,53370
NC,2017,49550
NC,2016,53760
NC,2015,50800
NC,2014,46780
NC,2013,46340
NC,2012,41550
NC,2011,45210
NC,2010,43830
NC,2009,41910
NC,2008,42930
NC,2007,43510
NC,2006,39800
NC,2005,42060
NC,2004,40240
NC,2003,37280
NC,2002,36520
NC,2001,38160
NC,2000,38320
NC,1999,37250
NC,1998,35840
NC,1997,35840
NC,1996,35600
NC,1995,31980
NC,1994,30110
NC,1993,28820
NC,1992,27770
NC,1991,26850
NC,1990,26330
NC,1989,26410
NC,1988,24420
NC,1987,22760
NC,1986,21860
NC,1985,21450
NC,1984,20570
ND,2024,88080
ND,2023,76960
ND,2022,78720
ND,2021,68880
ND,2020,64120
ND,2019,70030
ND,2018,66510
ND,2017,60170
ND,2016,60180
ND,2015,57420
ND,2014,60730
ND,2013,59150
ND,2012,55770
ND,2011,56360
ND,2010,51010
ND,2009,50080
ND,2008,49630
ND,2007,47210
ND,2006,41050
ND,2005,42190
ND,2004,39220
ND,2003,40410
ND,2002,36200
ND,2001,35790
ND,2000,36000
ND,1999,32660
ND,1998,30300
ND,1997,31660
ND,1996,31470
ND,1995,29090
ND,1994,28280
ND,1993,28120
ND,1992,26960
ND,1991,25890
ND,1990,25260
ND,1989,25230
ND,1988,24090
ND,1987,22580
ND,1986,21510
ND,1985,21210
ND,1984,20770
OH,2024,80520
OH,2023,73770
OH,2022,67520
OH,2021,62690
OH,2020,60380
OH,2019,64660
OH,2018,61630
OH,2017,60690
OH,2016,53990
OH,2015,53300
OH,2014,49640
OH,2013,50750
OH,2012,44380
OH,2011,44650
OH,2010,45890
OH,2009,45880
OH,2008,46930
OH,2007,49100
OH,2006,45900
OH,2005,44200
OH,2004,43060
OH,2003,43520
OH,2002,42680
OH,2001,41790
OH,2000,42960
OH,1999,39490
OH,1998,38930
OH,1997,36130
OH,1996,34070
OH,1995,34940
OH,1994,31860
OH,1993,31290
OH,1992,31400
OH,1991,29790
OH,1990,30010
OH,1989,29020
OH,1988,27740
OH,1987,25770
OH,1986,25120
OH,1985,25170
OH,1984,23120
OK,2024,65310
OK,2023,67330
OK,2022,63440
OK,2021,60100
OK,2020,52470
OK,2019,59400
OK,2018,54430
OK,2017,51880
OK,2016,50940
OK,2015,47080
OK,2014,47200
OK,2013,46160
OK,2012,48410
OK,2011,48460
OK,2010,43100
OK,2009,45880
OK,2008,46110
OK,2007,43220
OK,2006,38840
OK,2005,37650
OK,2004,39610
OK,2003,35900
OK,2002,36460
OK,2001,35610
OK,2000,32430
OK,1999,32680
OK,1998,33730
OK,1997,31350
OK,1996,27440
OK,1995,26310
OK,1994,26990
OK,1993,26260
OK,1992,25280
OK,1991,25460
OK,1990,24380
OK,1989,23670
OK,1988,23670
OK,1987,21690
OK,1986,20950
OK,1985,21210
OK,1984,21150
OR,2024,89700
OR,2023,88740
OR,2022,86780
OR,2021,81850
OR,2020,76850
OR,2019,74410
OR,2018,69170
OR,2017,62500
OR,2016,59140
OR,2015,60830
OR,2014,58880
OR,2013,49000
OR,2012,51780
OR,2011,51530
OR,2010,50600
OR,2009,49100
OR,2008,51730
OR,2007,50240
OR,2006,47090
OR,2005,44160
OR,2004,40990
OR,2003,41640
OR,2002,41800
OR,2001,41270
OR,2000,42500
OR,1999,40620
OR,1998,39070
OR,1997,37250
OR,1996,35490
OR,1995,36370
OR,1994,31460
OR,1993,33140
OR,1992,31930
OR,1991,30190
OR,1990,29280
OR,1989,28530
OR,1988,27750
OR,1987,25040
OR,1986,24770
OR,1985,21890
OR,1984,21400
PA,2024,80060
PA,2023,79820
PA,2022,72210
PA,2021,72630
PA,2020,70790
PA,2019,70580
PA,2018,64520
PA,2017,61290
PA,2016,60980
PA,2015,60390
PA,2014,55170
PA,2013,55160
PA,2012,51900
PA,2011,49910
PA,2010,48310
PA,2009,48170
PA,2008,51400
PA,2007,48440
PA,2006,48480
PA,2005,46300
PA,2004,44110
PA,2003,42930
PA,2002,42500
PA,2001,43500
PA,2000,42180
PA,1999,37760
PA,1998,39020
PA,1997,37520
PA,1996,34900
PA,1995,34520
PA,1994,32070
PA,1993,31000
PA,1992,29880
PA,1991,30370
PA,1990,29010
PA,1989,28690
PA,1988,26740
PA,1987,25420
PA,1986,23810
PA,1985,22880
PA,1984,20350
RI,2024,92290
RI,2023,81860
RI,2022,80650
RI,2021,74980
RI,2020,80170
RI,2019,70150
RI,2018,62270
RI,2017,65400
RI,2016,61530
RI,2015,55700
RI,2014,58630
RI,2013,56320
RI,2012,56070
RI,2011,49030
RI,2010,51620
RI,2009,51630
RI,2008,53240
RI,2007,54210
RI,2006,53740
RI,2005,49480
RI,2004,47940
RI,2003,44710
RI,2002,42420
RI,2001,45720
RI,2000,42200
RI,1999,42720
RI,1998,40690
RI,1997,34800
RI,1996,36990
RI,1995,35360
RI,1994,31930
RI,1993,33510
RI,1992,30430
RI,1991,30840
RI,1990,31970
RI,1989,30120
RI,1988,29840
RI,1987,28290
RI,1986,26540
RI,1985,24630
RI,1984,21610
SC,2024,76780
SC,2023,69100
SC,2022,61770
SC,2021,62540
SC,2020,60340
SC,2019,62030
SC,2018,57440
SC,2017,54540
SC,2016,54340
SC,2015,46360
SC,2014,44930
SC,2013,43560
SC,2012,44400
SC,2011,40080
SC,2010,41700
SC,2009,41100
SC,2008,42160
SC,2007,44210
SC,2006,39620
SC,2005,40230
SC,2004,38690
SC,2003,38480
SC,2002,37810
SC,2001,37740
SC,2000,37570
SC,1999,36460
SC,1998,33270
SC,1997,34260
SC,1996,34670
SC,1995,29070
SC,1994,29850
SC,1993,26050
SC,1992,27580
SC,1991,27460
SC,1990,28740
SC,1989,23800
SC,1988,25530
SC,1987,25050
SC,1986,21970
SC,1985,20040
SC,1984,20310
SD,2024,79850
SD,2023,81740
SD,2022,67180
SD,2021,73890
SD,2020,70190
SD,2019,64260
SD,2018,59460
SD,2017,56910
SD,2016,57450
SD,2015,55070
SD,2014,53050
SD,2013,53410
SD,2012,49420
SD,2011,47220
SD,2010,45350
SD,2009,45830
SD,2008,51600
SD,2007,46420
SD,2006,45430
SD,2005,43150
SD,2004,41110
SD,2003,39520
SD,2002,37870
SD,2001,39670
SD,2000,36480
SD,1999,35830
SD,1998,32790
SD,1997,29690
SD,1996,29530
SD,1995,29580
SD,1994,29730
SD,1993,27740
SD,1992,26260
SD,1991,24640
SD,1990,24570
SD,1989,24110
SD,1988,22290
SD,1987,21150
SD,1986,19900
SD,1985,18140
SD,1984,19410
TN,2024,75860
TN,2023,72700
TN,2022,65380
TN,2021,62170
TN,2020,54970
TN,2019,56630
TN,2018,56060
TN,2017,55310
TN,2016,51340
TN,2015,47330
TN,2014,43720
TN,2013,43360
TN,2012,43000
TN,2011,42280
TN,2010,38590
TN,2009,40520
TN,2008,39700
TN,2007,41200
TN,2006,40690
TN,2005,39410
TN,2004,38070
TN,2003,37520
TN,2002,37030
TN,2001,35780
TN,2000,34100
TN,1999,36520
TN,1998,34090
TN,1997,30640
TN,1996,30790
TN,1995,29020
TN,1994,28640
TN,1993,25100
TN,1992,24320
TN,1991,24450
TN,1990,22590
TN,1989,22610
TN,1988,20860
TN,1987,21180
TN,1986,18260
TN,1985,17780
TN,1984,16780
TX,2024,81490
TX,2023,79060
TX,2022,74640
TX,2021,67400
TX,2020,68400
TX,2019,67440
TX,2018,59790
TX,2017,60090
TX,2016,58150
TX,2015,56470
TX,2014,53880
TX,2013,51410
TX,2012,51930
TX,2011,49050
TX,2010,47270
TX,2009,47480
TX,2008,46490
TX,2007,46050
TX,2006,43310
TX,2005,41420
TX,2004,41400
TX,2003,39270
TX,2002,40150
TX,2001,40860
TX,2000,38610
TX,1999,38690
TX,1998,35780
TX,1997,35080
TX,1996,33070
TX,1995,32040
TX,1994,30760
TX,1993,28730
TX,1992,27950
TX,1991,27730
TX,1990,28230
TX,1989,25890
TX,1988,24960
TX,1987,24720
TX,1986,24160
TX,1985,23740
TX,1984,23020
UT,2024,104000
UT,2023,101200
UT,2022,95800
UT,2021,87650
UT,2020,83990
UT,2019,84520
UT,2018,77070
UT,2017,69790
UT,2016,67480
UT,2015,66260
UT,2014,63380
UT,2013,61050
UT,2012,58340
UT,2011,55490
UT,2010,56700
UT,2009,58490
UT,2008,62540
UT,2007,53530
UT,2006,54630
UT,2005,54810
UT,2004,50870
UT,2003,49280
UT,2002,47860
UT,2001,47340
UT,2000,47550
UT,1999,46050
UT,1998,44300
UT,1997,42780
UT,1996,37040
UT,1995,36480
UT,1994,35720
UT,1993,35790
UT,1992,34250
UT,1991,28020
UT,1990,30140
UT,1989,30720
UT,1988,26310
UT,1987,26530
UT,1986,26280
UT,1985,25240
UT,1984,23060
VT,2024,85260
VT,2023,85190
VT,2022,72190
VT,2021,76080
VT,2020,67260
VT,2019,74310
VT,2018,70070
VT,2017,63680
VT,2016,60840
VT,2015,59490
VT,2014,60710
VT,2013,65510
VT,2012,55580
VT,2011,51860
VT,2010,55930
VT,2009,52320
VT,2008,50710
VT,2007,47390
VT,2006,51980
VT,2005,50700
VT,2004,47330
VT,2003,43260
VT,2002,43000
VT,2001,40790
VT,2000,39590
VT,1999,41580
VT,1998,39370
VT,1997,35050
VT,1996,32360
VT,1995,33820
VT,1994,35800
VT,1993,31070
VT,1992,32760
VT,1991,29160
VT,1990,31100
VT,1989,31300
VT,1988,28990
VT,1987,25420
VT,1986,24600
VT,1985,26000
VT,1984,22580
VA,2024,97720
VA,2023,96490
VA,2022,85170
VA,2021,80270
VA,2020,82210
VA,2019,81310
VA,2018,77150
VA,2017,70810
VA,2016,66450
VA,2015,61490
VA,2014,66160
VA,2013,65910
VA,2012,64630
VA,2011,62620
VA,2010,60370
VA,2009,60500
VA,2008,61990
VA,2007,59160
VA,2006,57120
VA,2005,51910
VA,2004,51140
VA,2003,54780
VA,2002,49630
VA,2001,50240
VA,2000,47160
VA,1999,45690
VA,1998,43350
VA,1997,42960
VA,1996,39210
VA,1995,36220
VA,1994,37650
VA,1993,36430
VA,1992,38200
VA,1991,36140
VA,1990,35070
VA,1989,34120
VA,1988,32650
VA,1987,30000
VA,1986,29720
VA,1985,28430
VA,1984,26530
WA,2024,97500
WA,2023,93440
WA,2022,89430
WA,2021,87650
WA,2020,81360
WA,2019,82450
WA,2018,79730
WA,2017,71540
WA,2016,70310
WA,2015,67240
WA,2014,59070
WA,2013,63920
WA,2012,62190
WA,2011,56850
WA,2010,56160
WA,2009,60390
WA,2008,56630
WA,2007,58080
WA,2006,54720
WA,2005,50650
WA,2004,49920
WA,2003,47510
WA,2002,45180
WA,2001,42490
WA,2000,42530
WA,1999,45470
WA,1998,47420
WA,1997,44560
WA,1996,36680
WA,1995,35570
WA,1994,33530
WA,1993,35660
WA,1992,33900
WA,1991,33970
WA,1990,32110
WA,1989,31960
WA,1988,32330
WA,1987,27320
WA,1986,26880
WA,1985,24000
WA,1984,25020
WV,2024,63150
WV,2023,60410
WV,2022,52460
WV,2021,46840
WV,2020,51970
WV,2019,53710
WV,2018,50570
WV,2017,46960
WV,2016,44350
WV,2015,42820
WV,2014,39550
WV,2013,43070
WV,2012,43550
WV,2011,41820
WV,2010,42780
WV,2009,40490
WV,2008,37990
WV,2007,42090
WV,2006,38420
WV,2005,36450
WV,2004,33370
WV,2003,32760
WV,2002,29360
WV,2001,29670
WV,2000,29410
WV,1999,29300
WV,1998,26700
WV,1997,27490
WV,1996,25250
WV,1995,24880
WV,1994,23560
WV,1993,22420
WV,1992,20270
WV,1991,23150
WV,1990,22140
WV,1989,21680
WV,1988,19350
WV,1987,17210
WV,1986,16460
WV,1985,15980
WV,1984,16840
WI,2024,82560
WI,2023,79690
WI,2022,73330
WI,2021,69940
WI,2020,67410
WI,2019,67350
WI,2018,62630
WI,2017,63480
WI,2016,59820
WI,2015,55430
WI,2014,58080
WI,2013,51730
WI,2012,53080
WI,2011,52060
WI,2010,50350
WI,2009,51240
WI,2008,51200
WI,2007,51280
WI,2006,51690
WI,2005,44650
WI,2004,45730
WI,2003,46270
WI,2002,45900
WI,2001,45350
WI,2000,45090
WI,1999,45670
WI,1998,41330
WI,1997,39600
WI,1996,40000
WI,1995,40960
WI,1994,35390
WI,1993,31770
WI,1992,33310
WI,1991,31130
WI,1990,30710
WI,1989,29120
WI,1988,29580
WI,1987,26370
WI,1986,26430
WI,1985,23250
WI,1984,20740
WY,2024,78680
WY,2023,77200
WY,2022,73090
WY,2021,71050
WY,2020,65450
WY,2019,65130
WY,2018,62540
WY,2017,59540
WY,2016,57830
WY,2015,60930
WY,2014,55690
WY,2013,67440
WY,2012,57510
WY,2011,54510
WY,2010,52200
WY,2009,52470
WY,2008,53340
WY,2007,48740
WY,2006,47040
WY,2005,44720
WY,2004,45400
WY,2003,42560
WY,2002,39760
WY,2001,39720
WY,2000,39630
WY,1999,37250
WY,1998,35250
WY,1997,33420
WY,1996,30950
WY,1995,31530
WY,1994,33140
WY,1993,29440
WY,1992,30210
WY,1991,29050
WY,1990,29460
WY,1989,29520
WY,1988,26420
WY,1987,27590
WY,1986,23560
WY,1985,22080
WY,1984,23820
