state,series,year,cost_pct_bill
AZ,Total RPS,2007,
CA,Total RPS,2007,
CO,Total RPS,2007,
CT,Total RPS,2007,1.078292839218926
DC,Total RPS,2007,0.041192623297183234
DE,Total RPS,2007,
HI,Total RPS,2007,
IA,Total RPS,2007,
IL,Total RPS,2007,
KS,Total RPS,2007,
MA,Total RPS,2007,1.065778957852511
MD,Total RPS,2007,0.02673691892671912
ME,Total RPS,2007,0.06374228923920493
MI,Total RPS,2007,
MN,Total RPS,2007,
MO,Total RPS,2007,
MT,Total RPS,2007,
NC,Total RPS,2007,
NH,Total RPS,2007,
NJ,Total RPS,2007,0.2181353934200692
NM,Total RPS,2007,
NV,Total RPS,2007,
NY,Total RPS,2007,
OH,Total RPS,2007,
OR,Total RPS,2007,
PA,Total RPS,2007,0.145897577092511
RI,Total RPS,2007,0.3688422088560506
TX,Total RPS,2007,0.046983985815887024
VA,Total RPS,2007,
VT,Total RPS,2007,
WA,Total RPS,2007,
WI,Total RPS,2007,
AZ,Total RPS,2008,
CA,Total RPS,2008,
CO,Total RPS,2008,
CT,Total RPS,2008,1.0081360424271621
DC,Total RPS,2008,0.047998465900066734
DE,Total RPS,2008,0.0675141038509178
HI,Total RPS,2008,
IA,Total RPS,2008,
IL,Total RPS,2008,
KS,Total RPS,2008,
MA,Total RPS,2008,0.9507294172087215
MD,Total RPS,2008,0.041006074962251324
ME,Total RPS,2008,0.19422401115624385
MI,Total RPS,2008,
MN,Total RPS,2008,
MO,Total RPS,2008,
MT,Total RPS,2008,
NC,Total RPS,2008,
NH,Total RPS,2008,0.7527128349368489
NJ,Total RPS,2008,0.47162837787461387
NM,Total RPS,2008,
NV,Total RPS,2008,
NY,Total RPS,2008,
OH,Total RPS,2008,
OR,Total RPS,2008,
PA,Total RPS,2008,0.10925639725379811
RI,Total RPS,2008,0.4182766190042292
TX,Total RPS,2008,0.0938163607805714
VA,Total RPS,2008,
VT,Total RPS,2008,
WA,Total RPS,2008,
WI,Total RPS,2008,0.0
AZ,Total RPS,2009,
CA,Total RPS,2009,
CO,Total RPS,2009,
CT,Total RPS,2009,0.8717064470022103
DC,Total RPS,2009,0.09943375352516898
DE,Total RPS,2009,0.13162563446248152
HI,Total RPS,2009,
IA,Total RPS,2009,
IL,Total RPS,2009,
KS,Total RPS,2009,
MA,Total RPS,2009,0.9978567494217395
MD,Total RPS,2009,0.05121907341897358
ME,Total RPS,2009,0.38087516034050795
MI,Total RPS,2009,
MN,Total RPS,2009,
MO,Total RPS,2009,
MT,Total RPS,2009,
NC,Total RPS,2009,
NH,Total RPS,2009,1.0331999696632403
NJ,Total RPS,2009,1.011160002051718
NM,Total RPS,2009,
NV,Total RPS,2009,
NY,Total RPS,2009,
OH,Total RPS,2009,
OR,Total RPS,2009,
PA,Total RPS,2009,0.10872771043145431
RI,Total RPS,2009,0.4981045150508725
TX,Total RPS,2009,0.03713139395349379
VA,Total RPS,2009,
VT,Total RPS,2009,
WA,Total RPS,2009,
WI,Total RPS,2009,0.0
AZ,Total RPS,2010,3.310640020584356
CA,Total RPS,2010,
CO,Total RPS,2010,3.038372925026196
CT,Total RPS,2010,0.7023461039945588
DC,Total RPS,2010,0.10087329797976048
DE,Total RPS,2010,0.24809084058047
HI,Total RPS,2010,
IA,Total RPS,2010,
IL,Total RPS,2010,0.6786742528544276
KS,Total RPS,2010,
MA,Total RPS,2010,1.5335111969440378
MD,Total RPS,2010,0.09590985374254496
ME,Total RPS,2010,0.5977190924426622
MI,Total RPS,2010,0.16482269607601274
MN,Total RPS,2010,2.3899084830939215
MO,Total RPS,2010,
MT,Total RPS,2010,
NC,Total RPS,2010,0.11560114075967919
NH,Total RPS,2010,1.3361179861766854
NJ,Total RPS,2010,1.0416131747023274
NM,Total RPS,2010,
NV,Total RPS,2010,
NY,Total RPS,2010,
OH,Total RPS,2010,0.22510491807131888
OR,Total RPS,2010,
PA,Total RPS,2010,0.16598505675792047
RI,Total RPS,2010,0.42216984879915487
TX,Total RPS,2010,0.036931619473887865
VA,Total RPS,2010,
VT,Total RPS,2010,
WA,Total RPS,2010,
WI,Total RPS,2010,0.8195234852000747
AZ,Total RPS,2011,3.417869431781088
CA,Total RPS,2011,-3.60045814008495
CO,Total RPS,2011,3.649478095638391
CT,Total RPS,2011,1.3258308936578609
DC,Total RPS,2011,0.19532530435141573
DE,Total RPS,2011,0.8529322859018541
HI,Total RPS,2011,
IA,Total RPS,2011,
IL,Total RPS,2011,0.22840054117584696
KS,Total RPS,2011,
MA,Total RPS,2011,2.3441490054554195
MD,Total RPS,2011,0.19951433456394707
ME,Total RPS,2011,0.9017614205794549
MI,Total RPS,2011,0.41912815304733064
MN,Total RPS,2011,
MO,Total RPS,2011,
MT,Total RPS,2011,
NC,Total RPS,2011,0.30035182049842146
NH,Total RPS,2011,2.1228683317392663
NJ,Total RPS,2011,1.6990258079859926
NM,Total RPS,2011,
NV,Total RPS,2011,
NY,Total RPS,2011,
OH,Total RPS,2011,0.653521101345822
OR,Total RPS,2011,-0.22593502851816796
PA,Total RPS,2011,0.17355048102271078
RI,Total RPS,2011,0.9201453641687389
TX,Total RPS,2011,0.04906643694011629
VA,Total RPS,2011,
VT,Total RPS,2011,
WA,Total RPS,2011,
WI,Total RPS,2011,0.9727831604203341
AZ,Total RPS,2012,3.3645370306312032
CA,Total RPS,2012,-1.5949777218021857
CO,Total RPS,2012,3.180792335031149
CT,Total RPS,2012,2.8614772783574365
DC,Total RPS,2012,0.6702982975626942
DE,Total RPS,2012,1.7507390958997056
HI,Total RPS,2012,-2.0358595426991486
IA,Total RPS,2012,
IL,Total RPS,2012,0.06952293460440374
KS,Total RPS,2012,
MA,Total RPS,2012,3.9894523783600513
MD,Total RPS,2012,0.35601115781254083
ME,Total RPS,2012,1.355121969386576
MI,Total RPS,2012,0.7760420257161165
MN,Total RPS,2012,5.082399561111103
MO,Total RPS,2012,
MT,Total RPS,2012,
NC,Total RPS,2012,0.33065970338168005
NH,Total RPS,2012,1.7392159214861918
NJ,Total RPS,2012,1.4159581974549404
NM,Total RPS,2012,1.4356399632851156
NV,Total RPS,2012,
NY,Total RPS,2012,
OH,Total RPS,2012,0.4395527190070637
OR,Total RPS,2012,-0.20628348203362554
PA,Total RPS,2012,0.25279212916246224
RI,Total RPS,2012,2.0358273896074643
TX,Total RPS,2012,0.14180180275340795
VA,Total RPS,2012,
VT,Total RPS,2012,
WA,Total RPS,2012,1.9266704382330406
WI,Total RPS,2012,1.2779461533453378
AZ,Total RPS,2013,3.3323404650561015
CA,Total RPS,2013,-0.5927376196039248
CO,Total RPS,2013,2.2467202006997704
CT,Total RPS,2013,3.498619665474124
DC,Total RPS,2013,1.2164527605857938
DE,Total RPS,2013,2.7269272384826713
HI,Total RPS,2013,
IA,Total RPS,2013,
IL,Total RPS,2013,0.7693276754576386
KS,Total RPS,2013,
MA,Total RPS,2013,4.078010611420323
MD,Total RPS,2013,0.798525688002499
ME,Total RPS,2013,1.0221722781914255
MI,Total RPS,2013,0.7331594674345016
MN,Total RPS,2013,3.2767046152519996
MO,Total RPS,2013,
MT,Total RPS,2013,
NC,Total RPS,2013,0.3436061609873878
NH,Total RPS,2013,1.7366403200289993
NJ,Total RPS,2013,1.4321452570595705
NM,Total RPS,2013,0.959619053382708
NV,Total RPS,2013,
NY,Total RPS,2013,
OH,Total RPS,2013,0.5331776944353794
OR,Total RPS,2013,0.1634238448468964
PA,Total RPS,2013,0.4052081549439347
RI,Total RPS,2013,2.5193436796061173
TX,Total RPS,2013,0.11743714817912887
VA,Total RPS,2013,
VT,Total RPS,2013,
WA,Total RPS,2013,1.2441499553449589
WI,Total RPS,2013,1.3787771393164598
AZ,Total RPS,2014,4.027601903589803
CA,Total RPS,2014,-0.25773818573869284
CO,Total RPS,2014,1.8960269653469177
CT,Total RPS,2014,3.764464638155956
DC,Total RPS,2014,1.9566915532349887
DE,Total RPS,2014,1.7000918598087895
HI,Total RPS,2014,
IA,Total RPS,2014,
IL,Total RPS,2014,1.097251340622885
KS,Total RPS,2014,
MA,Total RPS,2014,5.1523833044499705
MD,Total RPS,2014,1.4129253590153459
ME,Total RPS,2014,0.5969960474308301
MI,Total RPS,2014,0.9161598324905713
MN,Total RPS,2014,2.81943020698614
MO,Total RPS,2014,
MT,Total RPS,2014,
NC,Total RPS,2014,0.4327669881254787
NH,Total RPS,2014,1.3217415681697968
NJ,Total RPS,2014,3.025431683531741
NM,Total RPS,2014,2.6477387708418685
NV,Total RPS,2014,
NY,Total RPS,2014,
OH,Total RPS,2014,0.380367398642498
OR,Total RPS,2014,0.15134146739166376
PA,Total RPS,2014,0.5059833122306314
RI,Total RPS,2014,2.257659712382099
TX,Total RPS,2014,0.06736280666730295
VA,Total RPS,2014,
VT,Total RPS,2014,
WA,Total RPS,2014,1.951737990710634
WI,Total RPS,2014,0.8594269283362513
AZ,Total RPS,2015,4.219818173250251
CA,Total RPS,2015,-0.20938030115492073
CO,Total RPS,2015,1.290405887669964
CT,Total RPS,2015,4.056737517596113
DC,Total RPS,2015,2.835346474178413
DE,Total RPS,2015,1.950225977350094
HI,Total RPS,2015,
IA,Total RPS,2015,
IL,Total RPS,2015,1.317970318916766
KS,Total RPS,2015,
MA,Total RPS,2015,8.298043259273452
MD,Total RPS,2015,1.7142307523725382
ME,Total RPS,2015,0.8895148669796559
MI,Total RPS,2015,0.6664927028672917
MN,Total RPS,2015,3.3926014953438646
MO,Total RPS,2015,
MT,Total RPS,2015,
NC,Total RPS,2015,0.3981144367821791
NH,Total RPS,2015,2.141566314441836
NJ,Total RPS,2015,4.322216358154423
NM,Total RPS,2015,3.476277453766513
NV,Total RPS,2015,
NY,Total RPS,2015,
OH,Total RPS,2015,0.40341661393187966
OR,Total RPS,2015,1.3881525706302904
PA,Total RPS,2015,0.7062833338675046
RI,Total RPS,2015,2.4017575449995126
TX,Total RPS,2015,0.037733364154052665
VA,Total RPS,2015,
VT,Total RPS,2015,
WA,Total RPS,2015,2.030477668137555
WI,Total RPS,2015,2.5016880080271098
AZ,Total RPS,2016,4.725163265296507
CA,Total RPS,2016,-0.5453785332121004
CO,Total RPS,2016,1.4523546766204427
CT,Total RPS,2016,3.6781283974217156
DC,Total RPS,2016,3.5524566203760544
DE,Total RPS,2016,3.615662272534266
HI,Total RPS,2016,
IA,Total RPS,2016,
IL,Total RPS,2016,1.1039634655341395
KS,Total RPS,2016,
MA,Total RPS,2016,7.694933485362148
MD,Total RPS,2016,1.8790453649566639
ME,Total RPS,2016,1.4034374999999997
MI,Total RPS,2016,0.7261527706644305
MN,Total RPS,2016,4.360443546470958
MO,Total RPS,2016,0.287707966312142
MT,Total RPS,2016,
NC,Total RPS,2016,0.4977785222277849
NH,Total RPS,2016,2.648151869991891
NJ,Total RPS,2016,5.835082069045231
NM,Total RPS,2016,3.4183875722377652
NV,Total RPS,2016,
NY,Total RPS,2016,
OH,Total RPS,2016,0.33932117048949967
OR,Total RPS,2016,1.6023239889613443
PA,Total RPS,2016,0.9104542336195189
RI,Total RPS,2016,3.007695817855956
TX,Total RPS,2016,0.023788192781610207
VA,Total RPS,2016,
VT,Total RPS,2016,
WA,Total RPS,2016,2.1482646845570326
WI,Total RPS,2016,2.4790577679575576
AZ,Total RPS,2017,4.4225059859272395
CA,Total RPS,2017,2.3210470114546387
CO,Total RPS,2017,3.1836097571914608
CT,Total RPS,2017,2.8397480857093336
DC,Total RPS,2017,3.2977678652456786
DE,Total RPS,2017,4.388230048291864
HI,Total RPS,2017,
IA,Total RPS,2017,
IL,Total RPS,2017,1.0017158114248248
KS,Total RPS,2017,
MA,Total RPS,2017,8.202415335317637
MD,Total RPS,2017,1.0406483595022487
ME,Total RPS,2017,1.5337941628264211
MI,Total RPS,2017,0.7752372053508502
MN,Total RPS,2017,
MO,Total RPS,2017,0.21231963746745608
MT,Total RPS,2017,
NC,Total RPS,2017,0.5989690462270071
NH,Total RPS,2017,3.716113285387573
NJ,Total RPS,2017,6.0355379291436595
NM,Total RPS,2017,2.94490384282922
NV,Total RPS,2017,
NY,Total RPS,2017,2.751039273843251
OH,Total RPS,2017,0.3470546653135688
OR,Total RPS,2017,1.2176319711798715
PA,Total RPS,2017,0.8578106105618367
RI,Total RPS,2017,3.92266892393722
TX,Total RPS,2017,0.021911197453762875
VA,Total RPS,2017,
VT,Total RPS,2017,
WA,Total RPS,2017,2.067695207776754
WI,Total RPS,2017,3.0
AZ,Total RPS,2018,3.4135166059957487
CA,Total RPS,2018,4.913098402327157
CO,Total RPS,2018,2.728467479375392
CT,Total RPS,2018,2.4409789555024277
DC,Total RPS,2018,3.709624494451834
DE,Total RPS,2018,4.160037672217422
HI,Total RPS,2018,
IA,Total RPS,2018,
IL,Total RPS,2018,0.5356520652863995
KS,Total RPS,2018,
MA,Total RPS,2018,10.48764937026785
MD,Total RPS,2018,1.2210604948923736
ME,Total RPS,2018,0.7159544813738893
MI,Total RPS,2018,0.3995671982558767
MN,Total RPS,2018,
MO,Total RPS,2018,0.29479690974904366
MT,Total RPS,2018,
NC,Total RPS,2018,0.5814999531782088
NH,Total RPS,2018,2.759334352903386
NJ,Total RPS,2018,6.234303691031262
NM,Total RPS,2018,2.486145040898454
NV,Total RPS,2018,
NY,Total RPS,2018,2.456094827449139
OH,Total RPS,2018,0.4061050283388419
OR,Total RPS,2018,2.025038781694583
PA,Total RPS,2018,0.7424370274881423
RI,Total RPS,2018,3.3278089051230086
TX,Total RPS,2018,0.04562143132927827
VA,Total RPS,2018,
VT,Total RPS,2018,0.5155559825063479
WA,Total RPS,2018,1.795915287388809
WI,Total RPS,2018,3.0
AZ,Total RPS,2019,3.4836719102323923
CA,Total RPS,2019,
CO,Total RPS,2019,2.905894481274222
CT,Total RPS,2019,3.9838276653538904
DC,Total RPS,2019,4.207124312576636
DE,Total RPS,2019,4.0987400479950304
HI,Total RPS,2019,
IA,Total RPS,2019,
IL,Total RPS,2019,0.5174422795225965
KS,Total RPS,2019,
MA,Total RPS,2019,12.356518511793874
MD,Total RPS,2019,2.061156406412883
ME,Total RPS,2019,0.5284900284900285
MI,Total RPS,2019,0.507765164301608
MN,Total RPS,2019,
MO,Total RPS,2019,0.4789685088920479
MT,Total RPS,2019,
NC,Total RPS,2019,0.693576179272031
NH,Total RPS,2019,4.197620399387287
NJ,Total RPS,2019,6.866007719241426
NM,Total RPS,2019,2.9096193241699977
NV,Total RPS,2019,
NY,Total RPS,2019,3.020802702448401
OH,Total RPS,2019,0.560511456282203
OR,Total RPS,2019,1.716879700047767
PA,Total RPS,2019,0.6268362863510039
RI,Total RPS,2019,5.547430178278329
TX,Total RPS,2019,0.0424954485347283
VA,Total RPS,2019,
VT,Total RPS,2019,0.761143786888339
WA,Total RPS,2019,1.68254565558675
WI,Total RPS,2019,3.18
AZ,Total RPS,2020,3.4442443534253213
CA,Total RPS,2020,
CO,Total RPS,2020,1.8316999383755577
CT,Total RPS,2020,5.772783064012461
DC,Total RPS,2020,5.417878927681819
DE,Total RPS,2020,4.7611334814528155
HI,Total RPS,2020,
IA,Total RPS,2020,
IL,Total RPS,2020,0.4858674727304619
KS,Total RPS,2020,
MA,Total RPS,2020,13.409037719087538
MD,Total RPS,2020,3.4856656313759977
ME,Total RPS,2020,0.7598237760751516
MI,Total RPS,2020,0.4653890130776564
MN,Total RPS,2020,
MO,Total RPS,2020,0.45473138760351706
MT,Total RPS,2020,
NC,Total RPS,2020,0.8456907765214451
NH,Total RPS,2020,3.4805156356780143
NJ,Total RPS,2020,8.371626811024278
NM,Total RPS,2020,5.578075325642702
NV,Total RPS,2020,
NY,Total RPS,2020,1.5669246867238844
OH,Total RPS,2020,0.7901956974759236
OR,Total RPS,2020,2.228967345460925
PA,Total RPS,2020,0.9261555394133304
RI,Total RPS,2020,6.755231828701532
TX,Total RPS,2020,0.0767890216375133
VA,Total RPS,2020,
VT,Total RPS,2020,0.962323008825095
WA,Total RPS,2020,1.9454769753377708
WI,Total RPS,2020,3.18
AZ,Total RPS,2021,3.332345190788408
CA,Total RPS,2021,
CO,Total RPS,2021,1.3387955997085554
CT,Total RPS,2021,5.580345972275219
DC,Total RPS,2021,7.434418243069666
DE,Total RPS,2021,5.076494218607051
HI,Total RPS,2021,
IA,Total RPS,2021,
IL,Total RPS,2021,0.49499079680245617
KS,Total RPS,2021,
MA,Total RPS,2021,14.114729051900204
MD,Total RPS,2021,6.024091372468129
ME,Total RPS,2021,2.183749812314526
MI,Total RPS,2021,
MN,Total RPS,2021,
MO,Total RPS,2021,1.4851196357891143
MT,Total RPS,2021,
NC,Total RPS,2021,0.7958473046582389
NH,Total RPS,2021,2.097094187406217
NJ,Total RPS,2021,10.622358872268151
NM,Total RPS,2021,5.049549732632917
NV,Total RPS,2021,
NY,Total RPS,2021,1.522375103883844
OH,Total RPS,2021,0.7575228498853905
OR,Total RPS,2021,2.418765471449925
PA,Total RPS,2021,1.6013450486762129
RI,Total RPS,2021,5.978762862768919
TX,Total RPS,2021,0.2430036258393179
VA,Total RPS,2021,0.40481400437636755
VT,Total RPS,2021,0.8803269156915672
WA,Total RPS,2021,2.1718599188414567
WI,Total RPS,2021,
AZ,Total RPS,2022,3.6507947475024496
CA,Total RPS,2022,
CO,Total RPS,2022,0.9141314151027208
CT,Total RPS,2022,4.417561482761033
DC,Total RPS,2022,8.495128900663229
DE,Total RPS,2022,4.150302574387039
HI,Total RPS,2022,
IA,Total RPS,2022,
IL,Total RPS,2022,0.6437010364601392
KS,Total RPS,2022,
MA,Total RPS,2022,13.12716122963172
MD,Total RPS,2022,5.581843405374814
ME,Total RPS,2022,4.1816711481192055
MI,Total RPS,2022,
MN,Total RPS,2022,
MO,Total RPS,2022,0.6864725692010488
MT,Total RPS,2022,
NC,Total RPS,2022,0.7467728467087806
NH,Total RPS,2022,0.9730501395690585
NJ,Total RPS,2022,10.933508143214754
NM,Total RPS,2022,4.4910314238900915
NV,Total RPS,2022,
NY,Total RPS,2022,1.4882530194273353
OH,Total RPS,2022,0.574140678590981
OR,Total RPS,2022,1.8468222973637598
PA,Total RPS,2022,2.213779063455818
RI,Total RPS,2022,4.006774508653912
TX,Total RPS,2022,0.19633271364484323
VA,Total RPS,2022,4.2046511627906975
VT,Total RPS,2022,1.6542902032561189
WA,Total RPS,2022,1.77086939303706
WI,Total RPS,2022,
AZ,Total RPS,2023,3.278651943572551
CA,Total RPS,2023,
CO,Total RPS,2023,0.4679228813559951
CT,Total RPS,2023,5.075609308985514
DC,Total RPS,2023,10.364614343698694
DE,Total RPS,2023,
HI,Total RPS,2023,
IA,Total RPS,2023,
IL,Total RPS,2023,1.3482553147798022
KS,Total RPS,2023,
MA,Total RPS,2023,11.435102327051334
MD,Total RPS,2023,7.14004726489431
ME,Total RPS,2023,3.4661591266923537
MI,Total RPS,2023,0.19832906744178644
MN,Total RPS,2023,
MO,Total RPS,2023,1.2319650432708436
MT,Total RPS,2023,
NC,Total RPS,2023,0.711717146635926
NH,Total RPS,2023,1.991197167542098
NJ,Total RPS,2023,11.576736739443753
NM,Total RPS,2023,4.8634437539309525
NV,Total RPS,2023,
NY,Total RPS,2023,2.144093377016095
OH,Total RPS,2023,0.6717044931863145
OR,Total RPS,2023,1.3073353065323303
PA,Total RPS,2023,3.148534808621988
RI,Total RPS,2023,6.977308784455172
TX,Total RPS,2023,0.23420182924503
VA,Total RPS,2023,7.2659176029962556
VT,Total RPS,2023,1.5772748586540528
WA,Total RPS,2023,1.7684826047261522
WI,Total RPS,2023,
AZ,Total RPS,2024,3.152255243840084
CA,Total RPS,2024,
CO,Total RPS,2024,0.5880463264387695
CT,Total RPS,2024,5.579907132279922
DC,Total RPS,2024,15.144893957316668
DE,Total RPS,2024,
HI,Total RPS,2024,
IA,Total RPS,2024,
IL,Total RPS,2024,1.2028968525084627
KS,Total RPS,2024,
MA,Total RPS,2024,11.120713713895226
MD,Total RPS,2024,7.657166888297873
ME,Total RPS,2024,4.938865984914941
MI,Total RPS,2024,-0.815608940009117
MN,Total RPS,2024,
MO,Total RPS,2024,1.407563060456872
MT,Total RPS,2024,
NC,Total RPS,2024,0.6801197434007753
NH,Total RPS,2024,2.572127838981807
NJ,Total RPS,2024,11.996840111532999
NM,Total RPS,2024,3.894831223107051
NV,Total RPS,2024,
NY,Total RPS,2024,2.3555229480493804
OH,Total RPS,2024,0.5516595295798591
OR,Total RPS,2024,0.5294037232918172
PA,Total RPS,2024,4.126804957694387
RI,Total RPS,2024,7.342058358210665
TX,Total RPS,2024,0.07359552848673026
VA,Total RPS,2024,15.263653483992467
VT,Total RPS,2024,1.7438103871659907
WA,Total RPS,2024,1.459992674187822
WI,Total RPS,2024,
AZ,Total RPS,2025,3.2164858680737654
CA,Total RPS,2025,
CO,Total RPS,2025,
CT,Total RPS,2025,5.533988769385553
DC,Total RPS,2025,15.14018200553946
DE,Total RPS,2025,
HI,Total RPS,2025,
IA,Total RPS,2025,
IL,Total RPS,2025,1.1339780956307361
KS,Total RPS,2025,
MA,Total RPS,2025,10.083293000550016
MD,Total RPS,2025,6.897213295850822
ME,Total RPS,2025,5.3649027225212755
MI,Total RPS,2025,
MN,Total RPS,2025,
MO,Total RPS,2025,0.21022071805300302
MT,Total RPS,2025,
NC,Total RPS,2025,
NH,Total RPS,2025,3.9814095213100495
NJ,Total RPS,2025,11.113136749367055
NM,Total RPS,2025,
NV,Total RPS,2025,
NY,Total RPS,2025,
OH,Total RPS,2025,0.3878245693528435
OR,Total RPS,2025,
PA,Total RPS,2025,3.5825850155345442
RI,Total RPS,2025,7.735946311027508
TX,Total RPS,2025,
VA,Total RPS,2025,20.035056967572302
VT,Total RPS,2025,
WA,Total RPS,2025,1.3920282509535562
WI,Total RPS,2025,
