year,AZ,CA,CO,CT,DC,DE,HI,IA,IL,KS,MA,MD,ME,MI,MN,MO,MT,NC,NE,NH,NJ,NM,NV,NY,OH,OR,PA,RI,TX,VA,VT,WA,WI
2000,0.0,0.0,0.0,0.0,0.0,0.0,0.0,1.0000416176886875,0.0,0.0,0.0,0.0,30.0,0.0,0.0,0.0,0.0,0.0,0.0,0.0,0.0,0.0,0.0,0.0,0.0,0.0,0.0,0.0,0.0,0.0,0.0,0.0,0.0
2001,0.2,0.0,0.0,6.25,0.0,0.0,0.0,0.9999703524679138,0.0,0.0,0.0,0.0,30.0,0.0,0.0,0.0,0.0,0.0,0.0,0.0,0.0,0.0,0.0,0.0,0.0,0.0,0.0,0.0,0.0,0.0,0.0,0.0,0.0
2002,0.4,0.0,0.0,6.5,0.0,0.0,0.0,0.9614929860256844,0.0,0.0,0.0,0.0,30.0,0.0,0.0,0.0,0.0,0.0,0.0,0.0,3.0000000000000004,0.0,0.0,0.0,0.0,0.0,0.0,0.0,1.6018434630751046,0.0,0.0,0.0,0.0
2003,0.6,11.852494442429073,0.0,7.000000000000001,0.0,0.0,0.0,0.9622477482817144,0.0,0.0,1.0,0.0,30.0,0.0,0.0,0.0,0.0,0.0,0.0,0.0,3.0000000000000004,0.0,5.0,0.0,0.0,0.0,0.0,0.0,1.669013598041251,0.0,0.0,0.0,0.0
2004,0.8,12.852494442429075,0.0,4.0,0.0,0.0,0.0,0.9826096038229691,0.0,0.0,1.5,0.0,30.0,0.0,0.0,0.0,0.0,0.0,0.0,0.0,3.0000000000000004,0.0,5.0,0.0,0.0,0.0,0.0,0.0,1.6365271911612644,0.0,0.0,0.0,0.0
2005,1.0,13.852494442429075,0.0,4.5,0.0,0.0,8.0,0.9252833680314596,0.0,0.0,2.0,0.0,30.0,0.0,1.0,0.0,0.0,0.0,0.0,0.0,3.25,0.0,6.0,0.0,0.0,0.0,0.0,0.0,1.6929774164199753,0.0,0.0,0.0,0.0
2006,1.25,14.852494442429077,0.0,5.0,0.0,0.0,0.0,0.9079021928446873,0.0,0.0,2.5,2.5,30.0,0.0,1.9999999999999998,0.0,0.0,0.0,0.0,0.0,3.5000000000000004,5.0,6.0,31.320457188312496,0.0,0.0,0.0,0.0,1.6836017917809882,0.0,0.0,0.0,4.0
2007,1.5,15.852494442429077,2.9999999999999996,6.5,4.0,0.0,0.0,0.8729175987034311,0.0,0.0,3.0,2.5000000000000004,30.0,0.0,1.0000000000000002,0.0,0.0,0.0,0.0,0.0,4.5763,5.0,9.0,30.915201785862312,0.0,0.0,5.7,3.0,2.249756044989828,0.0,0.0,0.0,4.0
2008,1.7500000000000002,16.852494442429077,3.456778182990717,8.0,4.5,0.0,0.0,0.8738065325575498,0.0,0.0,3.5000000000000004,3.487008395222734,31.0,0.0,1.0000000000000002,0.0,5.0,0.0,0.0,4.0,5.5057,5.0,9.0,33.14042197203115,0.0,0.0,5.7,3.5000000000000004,2.5867451220727182,0.0,0.0,0.0,4.0
2009,2.0,17.85249444242908,3.426197864294393,9.0,5.0,0.0,0.0,0.92105431137801,2.0,0.0,11.1,3.488033346400222,32.0,0.0,1.0,0.0,5.0,0.0,0.0,6.0,6.5,5.999999999999999,12.0,35.05200337249868,0.25,0.0,6.2,4.0,3.7591662679247935,0.0,0.0,0.0,4.0
2010,2.5,20.0,3.4203741969810597,10.0,5.5,0.0,10.0,0.8734392698827245,4.0,0.0,12.1,4.481038204300219,32.99999999999999,0.0,10.781824742469984,0.0,10.0,0.0,0.0,7.539999999999999,7.4060000000000015,6.0,12.0,32.00834922734701,0.5,0.0,6.7,4.5,3.4105899275722136,0.0,0.0,0.0,6.0
2011,3.0,20.0,8.435375994447568,11.0,6.5,0.0,10.0,0.867665596751094,5.0,7.036047758206293,13.100000000000001,4.4863282699364495,34.0,0.0,10.740885478605405,2.0,10.0,0.0,0.0,9.58,8.386074124518613,10.0,15.0,34.021025956197384,1.0,3.4398291748267593,9.2,5.500000000000001,4.1843895024454785,0.0,0.0,0.0,6.0
2012,3.5000000000000004,20.0,8.492187946476392,12.0,7.500000000000001,0.0,10.0,0.8450582064550904,6.0,7.206912463735446,14.099999999999998,5.49695592458247,35.0,3.672960773407749,14.788816322095505,2.0,10.0,3.0,0.0,5.55,9.406624450233684,10.0,15.0,35.5094170446481,1.5,3.451580824938337,9.700000000000001,6.5,4.46360715524669,0.0,0.0,3.0,6.0
2013,4.0,20.0,8.5100326601192,13.0,9.0,0.0,10.0,0.8295536945034747,7.000000000000001,7.430519614856887,13.0,7.454094808419871,36.0,4.816067696204155,14.74536360408137,2.0,10.0,3.0,0.0,5.8,10.450495946939387,10.0,18.0,36.01473355440394,2.0,3.4459652828584897,10.2,7.5,5.416294633429407,0.0,0.0,3.0,6.0
2014,4.5,21.7,8.497322700312274,14.000000000000002,10.500000000000002,10.0,10.0,0.8216861588883249,8.0,7.262776476014446,14.250000000000002,8.939443928782033,37.0,6.111392958920216,14.687418652519568,5.0,10.0,2.9999999999999996,0.0,7.200000000000001,12.527,10.0,18.0,37.56171300061175,2.5,3.4229786840253094,10.7,8.5,5.330196188172741,0.0,0.0,3.0,6.0
2015,5.0,23.3,14.498605548839064,15.5,12.0,11.5,15.0,0.819364026152061,9.0,0.0,15.500000000000004,10.623066058479726,38.0,10.0,14.733914543550785,5.0,15.0,6.0,0.0,8.3,13.757,12.562260979428375,20.0,38.36169202349214,2.5,10.312699122082607,11.200000000000001,8.5,5.933641120413488,0.0,0.0,3.0,10.0
2016,6.0,25.0,14.423299800857222,17.0,13.5,13.0,15.0,0.7969209861194038,10.0,0.0,17.0319,12.705349984060247,39.0,9.900482649139022,20.64525774660942,5.0,15.0,6.0,0.0,8.5,14.899000000000001,12.874060330833048,20.0,38.45952367750981,2.5,10.19331104252357,13.700000000000001,10.0,6.02314453229758,0.0,0.0,9.0,10.0
2017,7.000000000000001,27.0,14.36825671755258,18.5,15.000000000000002,14.499999999999998,15.0,0.7874070454403344,11.5,0.0,18.090899999999998,12.900156359369127,40.0,10.150058646743794,20.546771461354297,5.0,15.0,6.000000000000001,0.0,17.599999999999998,15.985,13.108364890287728,20.0,39.171375531308286,3.5000000000000004,9.99688069886211,14.200000000000001,11.5,5.972903697774693,0.0,55.000000000000014,9.0,10.0
2018,8.0,28.999999999999996,14.188603607805058,21.000000000000004,16.5,16.0,15.0,0.7543810334224463,13.0,0.0,19.1155,15.076367702294597,40.0,9.862924672761691,20.548390623810764,10.0,15.0,10.0,0.0,18.7,18.025,13.379900147246257,20.0,27.400000000000002,4.5,9.8946015908637,14.700000000000003,13.0,5.701606577588973,0.0,55.00000000000001,9.0,10.0
2019,9.0,31.0,14.052384413423926,23.5,18.0,17.5,15.0,0.770738232516925,14.500000000000002,0.0,20.1883,15.442795000906475,40.0,12.5,20.487393117995968,10.0,15.0,10.0,0.0,19.7,20.974999999999998,13.678869092335313,20.0,28.199999999999996,5.5,9.779326030807729,15.200000000000003,14.499999999999998,5.66936554328109,0.0,55.00000000000001,9.0,10.0
2020,10.0,33.0,24.15386082066244,25.0,20.0,19.0,30.0,0.6782235065618125,16.000000000000004,0.0,22.7056,18.147693626600198,42.5,12.5,24.397196547978712,10.0,15.0,10.0,0.0,14.700000000000003,20.60025,18.113107239273603,22.0,30.2,5.5,13.521172403929322,15.7,16.0,5.6119428019722095,0.0,59.00000000000001,15.0,10.0
2021,11.0,35.8,24.14225621778575,26.5,26.25,20.0,30.0,0.6479518969974659,17.5,0.0,25.263399999999997,22.998411865572425,45.4,15.0,24.330773699880883,15.0,0.0,11.901030000206147,0.0,14.600000000000001,23.5,18.180711241080765,24.0,32.0,6.0,13.332277646906384,18.0,17.5,5.479588179960666,8.946114058609417,59.00000000000001,15.0,10.0
2022,12.0,38.5,23.89554486772109,27.999999999999996,32.5,21.0,30.0,0.6325002220593241,19.000000000000007,0.0,27.299999999999997,30.2302736091051,48.8,15.0,24.355015429177058,15.0,0.0,11.907925722337202,0.0,15.000000000000002,23.5,18.223055111242164,28.999999999999996,36.22222222222222,6.5,13.134762494795213,18.0,19.000000000000004,5.031506608244637,10.775783900173844,59.00000000000001,15.0,10.0
2023,13.0,41.3,23.878791101533107,30.0,38.75000000000001,22.0,30.0,0.630601760363827,20.500000000000007,0.0,29.172099999999997,33.00171282398075,52.2,15.0,20.0,15.0,0.0,11.895099927489985,0.0,15.900000000000002,24.5,18.304383082240815,28.999999999999996,40.44444444444444,7.000000000000001,12.91380590250446,18.0,23.000000000000004,4.838479767700978,12.8925622157609,63.000000000000014,15.0,10.0
2024,14.000000000000002,44.0,23.880373669488293,32.0,45.0,23.0,30.0,0.6288996658412307,22.000000000000007,0.0,31.299999999999994,32.55455094716634,56.60000000000001,15.0,20.000000000000004,15.0,0.0,11.895099927489984,0.0,17.299999999999997,29.500000000000004,18.29741367597557,34.0,44.666666666666664,7.5,12.663617948300802,18.0,28.000000000000007,4.717754944034688,15.26934097194246,63.000000000000014,15.0,10.0
2025,15.0,47.0,23.880373669488293,34.0,52.0,24.0,30.0,0.5898350403745869,23.50000000000001,0.0,34.113699999999994,34.32186630917107,61.00000000000001,15.0,25.0,15.0,0.0,11.895099927489987,0.0,25.2,37.5,40.0,34.0,48.888888888888886,8.0,17.10350051715695,18.0,34.00000000000001,0.0,17.911245295175686,63.000000000000014,15.0,10.0
2026,0.0,49.2,23.880373669488293,28.999999999999996,59.0,25.0,30.0,0.5770970786465753,25.00000000000001,0.0,37.06999999999999,35.98399371164413,65.4,15.0,25.0,15.0,0.0,11.895099927489982,0.0,25.2,37.5,40.0,34.0,53.11111111111111,8.5,17.104043875376675,18.0,41.00000000000001,0.0,20.24608846272863,67.00000000000003,15.0,10.0
2027,0.0,52.0,23.880373669488293,30.0,66.0,25.5,30.0,0.5861378604630241,28.000000000000014,0.0,40.06999999999999,37.907167892084445,69.8,15.0,24.999999999999993,15.0,0.0,11.895099927489985,0.0,25.2,43.5,40.0,42.0,57.33333333333333,0.0,17.103525037750245,18.0,48.00000000000001,0.0,22.54757473883421,71.00000000000003,15.0,10.0
2028,0.0,54.6,23.880373669488296,31.0,73.0,26.0,30.0,0.5848186662357835,31.000000000000018,0.0,43.07000000000001,40.38782786960204,74.2,15.0,25.0,15.0,0.0,11.895099927489984,0.0,25.2,46.5,40.0,42.0,61.55555555555554,0.0,17.103860707770238,18.0,55.50000000000001,0.0,25.064731873332725,75.00000000000001,15.0,10.0
2029,0.0,57.199999999999996,23.880373669488293,32.0,80.0,26.5,30.0,0.5839213419995295,34.00000000000002,0.0,46.07,43.85881783587843,78.6,15.0,25.0,15.0,0.0,11.895099927489985,0.0,25.2,49.5,40.0,42.0,65.77777777777776,0.0,17.10418272326234,18.0,63.5,0.0,27.477250073131394,79.00000000000003,15.0,10.0
2030,0.0,60.0,23.880373669488293,32.99999999999999,87.0,27.0,40.0,0.5821814465417441,37.00000000000002,0.0,47.07,45.349147824637235,84.00000000000001,50.0,25.0,15.0,0.0,11.895099927489984,0.0,25.2,52.5,50.0,50.0,70.0,0.0,22.177966891269886,18.0,72.0,0.0,29.899288016232024,98.98363366792606,15.0,10.0
2031,0.0,60.0,23.88037366948829,32.99999999999999,94.0,28.000000000000004,40.0,0.5802189364003237,40.0,0.0,48.07,51.786292751569405,85.00000000000001,50.0,25.0,15.0,0.0,11.895099927489984,0.0,25.2,52.5,50.0,50.0,70.0,0.0,22.178350820305383,18.0,81.0,0.0,32.97249078845847,99.22277868723758,15.0,10.0
2032,0.0,60.0,23.880373669488293,32.99999999999999,100.0,30.0,40.0,0.5762750741472356,40.0,0.0,49.07,52.2814577459488,86.00000000000001,50.0,25.0,15.0,0.0,11.895099927489984,0.0,25.2,52.5,50.0,50.0,70.0,0.0,22.17877360278417,18.0,90.49999999999999,0.0,36.106038392726894,99.46192370654909,15.0,10.0
2033,0.0,60.0,23.88037366948829,32.99999999999999,100.0,32.0,40.0,0.5715531065973483,40.0,0.0,50.07,52.2814577459488,87.00000000000001,50.0,25.0,15.0,0.0,11.895099927489985,0.0,25.2,52.5,50.0,50.0,70.0,0.0,22.17918695133948,18.0,99.99999999999999,0.0,38.642669547069794,99.70106872586061,15.0,10.0
2034,0.0,60.0,23.88037366948829,32.99999999999999,100.0,34.0,40.0,0.5640178237248471,40.0,0.0,51.07000000000001,52.28145774594881,88.00000000000001,50.0,25.0,15.0,0.0,11.895099927489984,0.0,25.2,52.5,50.0,50.0,70.0,0.0,22.17966979997606,18.0,99.99999999999999,0.0,41.230093540099396,99.94021374517213,15.0,10.0
2035,0.0,60.0,23.880373669488296,32.99999999999999,100.0,37.0,40.0,0.5557771672405863,40.0,0.0,52.07000000000001,52.28145774594881,89.00000000000001,60.0,55.00000000000001,15.0,0.0,11.895099927489984,0.0,25.2,52.5,50.0,50.0,70.0,0.0,28.521873818362554,18.0,99.99999999999999,0.0,44.505950539344404,100.0,15.0,10.0
2036,0.0,60.0,23.88037366948829,32.99999999999999,100.0,40.0,40.0,0.5472229650657219,40.0,0.0,53.070000000000014,52.2814577459488,90.00000000000001,60.0,55.00000000000001,15.0,0.0,11.895099927489985,0.0,25.2,52.5,50.0,50.0,70.0,0.0,28.52225166810804,18.0,99.99999999999999,0.0,48.451961415638316,100.0,15.0,10.0
2037,0.0,60.0,23.880373669488293,32.99999999999999,100.0,40.0,40.0,0.5388219471641377,40.0,0.0,54.07000000000001,52.28145774594881,91.00000000000001,60.0,55.00000000000001,15.0,0.0,11.895099927489985,0.0,25.2,52.5,50.0,50.0,70.0,0.0,28.522591078925817,18.0,99.99999999999999,0.0,51.38391717459718,100.0,15.0,10.0
2038,0.0,60.0,23.880373669488296,32.99999999999999,100.0,40.0,40.0,0.5321635332891886,40.0,0.0,55.07000000000002,52.2814577459488,92.00000000000001,60.0,54.99999999999999,15.0,0.0,11.895099927489984,0.0,25.2,52.5,50.0,50.0,70.0,0.0,28.522769215114675,18.0,99.99999999999999,0.0,54.83826348968176,100.0,15.0,10.0
2039,0.0,60.0,23.880373669488293,32.99999999999999,100.0,40.0,40.0,0.5249822192209388,40.0,0.0,56.07000000000002,52.28145774594881,93.00000000000001,60.0,55.000000000000014,15.0,0.0,11.895099927489984,0.0,25.2,52.5,50.0,50.0,70.0,0.0,28.523058627778024,18.0,99.99999999999999,0.0,58.31017877432504,100.0,15.0,10.0
2040,0.0,60.0,23.880373669488296,32.99999999999999,100.0,40.0,70.0,0.5193288371476495,40.0,0.0,57.07000000000001,52.2814577459488,94.00000000000001,60.0,55.00000000000001,15.0,0.0,11.895099927489984,9.343261944184174,25.2,52.5,74.89224102792672,50.0,70.0,0.0,31.694220619839868,18.0,99.99999999999999,0.0,61.78448226850427,100.0,15.0,10.0
2041,0.0,60.0,23.880373669488293,32.99999999999999,100.0,40.0,70.0,0.5141275295739804,50.0,0.0,58.07000000000001,52.28145774594881,94.00000000000001,60.0,55.00000000000001,15.0,0.0,11.895099927489985,9.343261944184174,25.2,52.5,74.89224102792672,50.0,70.0,0.0,31.694444011526596,18.0,99.99999999999999,0.0,65.14355717449638,100.0,15.0,10.0
2042,0.0,60.0,23.880373669488293,32.99999999999999,100.0,40.0,70.0,0.509515578891833,50.0,0.0,59.070000000000014,52.28145774594881,94.00000000000001,60.0,55.00000000000001,15.0,0.0,11.895099927489985,9.343261944184174,25.2,52.5,74.89224102792672,50.0,70.0,0.0,31.694636330096255,18.0,99.99999999999999,0.0,68.51160894853273,100.0,15.0,10.0
2043,0.0,60.0,23.880373669488293,32.99999999999999,100.0,40.0,70.0,0.5055447519766278,50.0,0.0,60.070000000000014,52.28145774594879,94.00000000000001,60.0,55.000000000000014,15.0,0.0,11.895099927489984,9.343261944184174,25.2,52.5,74.89224102792672,50.0,70.0,0.0,31.6948059686643,18.0,99.99999999999999,0.0,71.88179680739356,100.0,15.0,10.0
2044,0.0,60.0,23.88037366948829,32.99999999999999,100.0,40.0,70.0,0.5024960259908412,50.0,0.0,61.070000000000014,52.2814577459488,94.00000000000001,60.0,55.00000000000001,15.0,0.0,11.895099927489984,9.343261944184174,25.2,52.5,74.89224102792672,50.0,70.0,0.0,31.69496279087814,18.0,99.99999999999999,0.0,75.25826939744005,100.0,15.0,10.0
2045,0.0,60.0,23.880373669488293,32.99999999999999,100.0,40.0,100.0,0.4993724873873654,50.0,0.0,62.070000000000014,52.2814577459488,94.00000000000001,60.0,55.00000000000001,15.0,0.0,11.895099927489984,9.343261944184174,25.2,52.5,74.89224102792672,50.0,70.0,0.0,31.695112188005226,18.0,99.99999999999999,0.0,79.33987011921576,100.0,15.0,10.0
2046,0.0,60.0,23.88037366948829,32.99999999999999,100.0,40.0,100.0,0.4959948722128185,50.0,0.0,63.07000000000003,52.28145774594881,94.00000000000001,60.0,55.000000000000014,15.0,0.0,11.895099927489985,9.343261944184174,25.2,52.5,74.8922410279267,50.0,70.0,0.0,31.69525820150776,18.0,99.99999999999999,0.0,80.09645551644539,100.0,15.0,10.0
2047,0.0,60.0,23.88037366948829,32.99999999999999,100.0,40.0,100.0,0.4930237092276946,50.0,0.0,64.07000000000002,52.28145774594881,94.00000000000001,60.0,55.00000000000001,15.0,0.0,11.895099927489984,9.343261944184174,25.2,52.5,74.8922410279267,50.0,70.0,0.0,31.695387422132708,18.0,99.99999999999999,0.0,80.83377123358385,100.0,15.0,10.0
2048,0.0,60.0,23.88037366948829,32.99999999999999,100.0,40.0,100.0,0.49037104028056355,50.0,0.0,65.07000000000002,52.2814577459488,94.00000000000001,60.0,55.00000000000001,15.0,0.0,11.895099927489984,9.343261944184174,25.2,52.5,74.89224102792672,50.0,70.0,0.0,31.695503397074532,18.0,99.99999999999999,0.0,81.551635697474,100.0,15.0,10.0
2049,0.0,60.0,23.880373669488293,32.99999999999999,100.0,40.0,100.0,0.4881813225139019,50.0,0.0,66.07000000000002,52.28145774594881,94.00000000000001,60.0,55.00000000000001,15.0,0.0,11.895099927489984,9.343261944184174,25.2,52.5,74.8922410279267,50.0,70.0,0.0,31.69560623049544,18.0,99.99999999999999,0.0,82.24633416376655,100.0,15.0,10.0
2050,0.0,60.0,23.880373669488293,32.99999999999999,100.0,40.0,100.0,0.4859271286810412,50.0,0.0,67.07000000000002,52.28145774594881,94.00000000000001,60.0,55.00000000000001,15.0,0.0,11.895099927489984,100.0,25.2,52.5,80.0,50.0,70.0,0.0,31.695705467796735,18.0,99.99999999999999,0.0,82.93153071936746,100.0,15.0,10.0
