outcome,event_time,att_pct,se_pct,lo95_pct,hi95_pct,mean_requirement_pct,n_cohorts
within_gap,-6,-7.7921302219501225,3.8916685005475355,-16.300765286533327,-0.9258034973539396,0.0,8
within_gap,-5,-7.531241629512653,3.1490845352853563,-14.331645307838551,-1.7432606318790418,0.0,8
within_gap,-4,-7.980220953965872,2.9920493128256545,-14.101386222817572,-2.517430818962698,0.0,8
within_gap,-3,-6.6414120911188546,2.578449924970615,-11.669424576869648,-1.6868042785920505,0.0,10
within_gap,-2,-2.25318534368993,1.7412436312787334,-5.50416707765161,1.2479867189401996,0.0,11
within_gap,-1,0.0,0.0,0.0,0.0,0.0,11
within_gap,0,0.7580958644909619,1.3927396332732969,-1.8836971933142272,3.543964036286848,3.9576368436264375,11
within_gap,1,1.0983535581289239,1.380296990711372,-1.3740260531098376,3.909727105914341,4.3956099965409585,11
within_gap,2,1.5892264711843431,2.158784871000931,-2.6459842167267826,5.958366179387347,5.378146274707186,11
within_gap,3,3.245443905157682,3.2019181903766856,-3.0085341262165946,9.752425150980718,6.175008624034262,11
within_gap,4,4.575708474271537,5.403729926398979,-6.671404419032241,14.791308522436953,5.875955754642332,9
within_gap,5,3.857428148560228,4.708064447581144,-5.360768032173154,13.379687042282615,6.6610840049988695,9
within_gap,6,3.0289965928901945,4.82795268645728,-6.061835766339969,13.201243006697263,8.042971680230302,9
within_gap,7,1.3347428600540632,5.265257640944034,-8.407375698877278,12.155756353300347,9.562129585324977,9
within_gap,8,-2.0835330544770168,4.896572964462745,-11.634095023910826,8.112715959855116,10.301176658619134,9
within_gap,9,-2.7267974883336596,4.3238648419318135,-11.033680003886035,5.820663640267741,11.338516720208206,9
within_gap,10,-2.6797618779389922,4.490421648834936,-11.5213649806714,6.344660870797554,12.504185276231082,9
within_gap,11,-1.4763223889865957,4.672259886458492,-10.418023657964804,7.877743828061836,12.997184391524126,9
within_gap,12,-1.9341725490980368,5.131080548111471,-11.428286877325712,8.345267725464478,13.656677370602111,9
state_price,-6,-0.8400203594196437,2.371099743445105,-5.443347950239222,4.034497735946565,0.0,8
state_price,-5,-1.1401179719942498,2.624298326872342,-6.291774041639074,4.068532566125355,0.0,8
state_price,-4,-3.3956522261678237,2.520392005970171,-8.591451568049644,1.4603987994953636,0.0,8
state_price,-3,-5.675346756430235,2.811669809310409,-12.007745677318258,-0.8532866925182199,0.0,10
state_price,-2,-0.9860867507723821,1.5137891987829417,-3.623247407619654,2.192742352029053,0.0,11
state_price,-1,0.0,0.0,0.0,0.0,0.0,11
state_price,0,-1.0141281116530938,1.500229187539445,-3.8234757134066175,2.074614143025529,3.9576368436264375,11
state_price,1,0.4070497635408354,1.512404963657622,-2.5014832158464015,3.6780728398965725,4.3956099965409585,11
state_price,2,2.0610942314830143,1.5885880849692422,-0.9832597123020521,5.195212458109761,5.378146274707186,11
state_price,3,4.13985220779961,2.7501393462702977,-0.9568337049930825,9.425222484231261,6.175008624034262,11
state_price,4,4.9148195760321,3.9546032278627306,-3.155147737438111,12.35196603721753,5.875955754642332,9
state_price,5,3.9538836920415736,3.4034598014227826,-2.4211479482835565,10.382555521534504,6.6610840049988695,9
state_price,6,3.6847167660446614,3.328273160668047,-2.7541367134108894,10.435279593485317,8.042971680230302,9
state_price,7,0.7737386954464758,2.6067802176924526,-3.9314482421099695,6.185520877028871,9.562129585324977,9
state_price,8,-1.735203143607545,2.632203040474819,-6.505205895781948,3.957705747919593,10.301176658619134,9
state_price,9,-3.0173310991697915,3.1132613069272943,-8.481417492000393,3.415225537627211,11.338516720208206,9
state_price,10,-4.250790150512262,3.199414753425351,-10.237477767575939,2.1719553750371814,12.504185276231082,9
state_price,11,-3.124534475031167,3.056283319010597,-8.822477971238715,3.174588753629451,12.997184391524126,9
state_price,12,-1.8481802683239228,3.751904147510455,-8.490126838405745,5.859911103989247,13.656677370602111,9
