cohorts,outcome,event_time,att_pct,se_pct
restructured,within_gap,-6,-2.6161660008913983,3.4021941533300355
restructured,within_gap,-5,-3.624258136140108,3.6292463305628333
restructured,within_gap,-4,-7.201585299079218,3.5022201339954893
restructured,within_gap,-3,-4.177697852666835,3.922313541196063
restructured,within_gap,-2,0.18109969250935054,2.6486282609369187
restructured,within_gap,-1,0.0,0.0
restructured,within_gap,0,1.8427356678549465,2.2377985174463246
restructured,within_gap,1,2.5308120516633075,1.5952570761131843
restructured,within_gap,2,4.305726641617036,2.229829429461996
restructured,within_gap,3,5.148984033684276,4.958508286460029
restructured,within_gap,4,5.184545523482498,7.836617562662035
restructured,within_gap,5,3.8394691276172987,5.548750988823993
restructured,within_gap,6,0.9955511739120879,4.525211494107065
restructured,within_gap,7,-0.5174840709259065,5.441201034658915
restructured,within_gap,8,-2.558134893894205,4.753033799178582
restructured,within_gap,9,-1.746068643841445,4.912494404361917
restructured,within_gap,10,-0.6029695181465733,5.113005582914145
restructured,within_gap,11,-1.0701517804594762,6.056489411018829
restructured,within_gap,12,-0.686941992267287,7.226457080651463
restructured,state_price,-6,2.195263489716821,4.16007293071095
restructured,state_price,-5,1.4310293527733249,5.404221832444862
restructured,state_price,-4,-3.4508713360242442,5.584992695492915
restructured,state_price,-3,-4.002392367591995,4.759824492191422
restructured,state_price,-2,0.9875725999258402,2.867600898591685
restructured,state_price,-1,0.0,0.0
restructured,state_price,0,0.828742975850496,2.476258926937044
restructured,state_price,1,2.7929127415721426,1.635688914762314
restructured,state_price,2,4.512341171335224,1.9145710550816382
restructured,state_price,3,8.682031170477034,5.006460483143395
restructured,state_price,4,7.890940780858557,6.7592735244362725
restructured,state_price,5,7.38882034284602,5.1662923424338265
restructured,state_price,6,6.418282187381936,4.332275242894182
restructured,state_price,7,1.5120389619515473,3.2365780307560863
restructured,state_price,8,-0.9281949943249869,2.8036238019269506
restructured,state_price,9,-2.3467126621857606,3.4429582731830375
restructured,state_price,10,-3.0865156898098602,3.654793102884747
restructured,state_price,11,-2.1378050263377504,3.9665590085286704
restructured,state_price,12,-0.5850185971386246,5.083797159029073
non-restructured,within_gap,-6,-10.89770875458536,5.296289197282827
non-restructured,within_gap,-5,-9.87543172553618,4.118705291735395
non-restructured,within_gap,-4,-8.447402346897865,4.272351285680921
non-restructured,within_gap,-3,-8.283888250086866,3.0587581820810814
non-restructured,within_gap,-2,-4.28175620718933,1.7868542686221442
non-restructured,within_gap,-1,0.0,0.0
non-restructured,within_gap,0,-0.1457706383123582,1.8065632825588114
non-restructured,within_gap,1,-0.09536185314972813,1.856237288932282
non-restructured,within_gap,2,-0.6745236708429011,3.0860219324886686
non-restructured,within_gap,3,1.6591604647188538,3.577213351912903
non-restructured,within_gap,4,3.8146621627578385,6.322929187639849
non-restructured,within_gap,5,3.87987692473889,7.393712207057325
non-restructured,within_gap,6,5.570803366612828,8.620631677062926
non-restructured,within_gap,7,3.650026523779025,8.722865057678025
non-restructured,within_gap,8,-1.4902807552055308,8.450500520921842
non-restructured,within_gap,9,-3.952708543948929,6.446163660689161
non-restructured,within_gap,10,-5.275752327679515,6.556993883520631
non-restructured,within_gap,11,-1.984035649645495,5.860305443482475
non-restructured,within_gap,12,-3.4932107451364756,5.662723496773708
non-restructured,state_price,-6,-2.6611906689015226,2.4706480541199465
non-restructured,state_price,-5,-2.6828063668547952,2.832079861598786
non-restructured,state_price,-4,-3.362520760253971,2.7652174656403834
non-restructured,state_price,-3,-6.790649682322396,3.773279672526935
non-restructured,state_price,-2,-2.6308028763542337,1.094183279237426
non-restructured,state_price,-1,0.0,0.0
non-restructured,state_price,0,-2.5498540179060853,1.7674337122705255
non-restructured,state_price,1,-1.5811693848185877,2.0919004109791377
non-restructured,state_price,2,0.01838844827283803,2.0229388491708997
non-restructured,state_price,3,0.3547030722350908,1.960124168374067
non-restructured,state_price,4,1.1946680699990269,2.6737145384291736
non-restructured,state_price,5,-0.33978712146398515,2.546523153887432
non-restructured,state_price,6,0.26775998937306894,3.6577754735886154
non-restructured,state_price,7,-0.14913663768486365,2.735810097264228
non-restructured,state_price,8,-2.7439633302107427,3.4029600146195595
non-restructured,state_price,9,-3.8556041453998318,3.920353849079354
non-restructured,state_price,10,-5.706133226390264,3.8388098393936456
non-restructured,state_price,11,-4.357946285897938,2.6544973355250523
non-restructured,state_price,12,-3.4271323573055454,3.6405275364321734
