year,AZ,IA,MO,OH,PA,TX,WI
2007,,,,,0.145897577092511,0.046983985815887,
2008,,,,,0.1092563972537981,0.0938163607805714,0.0
2009,,,,,0.1087277104314543,0.0371313939534937,0.0
2010,3.310640020584356,,,0.2251049180713188,0.1659850567579204,0.0369316194738878,0.8195234852000747
2011,3.417869431781088,,,0.653521101345822,0.1735504810227107,0.0490664369401162,0.972783160420334
2012,3.3645370306312032,,,0.4395527190070637,0.2527921291624622,0.1418018027534079,1.2779461533453378
2013,3.332340465056101,,,0.5331776944353794,0.4052081549439347,0.1174371481791288,1.3787771393164598
2014,4.027601903589803,,,0.380367398642498,0.5059833122306314,0.0673628066673029,0.8594269283362513
2015,4.219818173250251,,,0.4034166139318796,0.7062833338675046,0.0377333641540526,2.5016880080271098
2016,4.725163265296507,,0.287707966312142,0.3393211704894996,0.9104542336195188,0.0237881927816102,2.4790577679575576
2017,4.42250598592724,,0.212319637467456,0.3470546653135688,0.8578106105618367,0.0219111974537628,3.0
2018,3.4135166059957487,,0.2947969097490436,0.4061050283388419,0.7424370274881423,0.0456214313292782,3.0
2019,3.4836719102323923,,0.4789685088920479,0.560511456282203,0.6268362863510039,0.0424954485347283,3.18
2020,3.4442443534253213,,0.454731387603517,0.7901956974759236,0.9261555394133304,0.0767890216375133,3.18
2021,3.332345190788408,,1.4851196357891143,0.7575228498853905,1.6013450486762129,0.2430036258393179,
2022,3.6507947475024496,,0.6864725692010488,0.574140678590981,2.213779063455818,0.1963327136448432,
2023,3.278651943572551,,1.2319650432708436,0.6717044931863145,3.148534808621988,0.23420182924503,
2024,3.152255243840084,,1.407563060456872,0.5516595295798591,4.126804957694387,0.0735955284867302,
2025,3.2164858680737654,,0.210220718053003,0.3878245693528435,3.582585015534544,,
