year,oh_cost_pct_bill,oh_requirement_pct,cost_per_pp,requirement_cut_pp,implied_saving_pct
2014,0.380367398642498,2.5,0.15214695945699921,0.0,0.0
2015,0.4034166139318796,2.5,0.16136664557275185,1.0,0.16136664557275185
2016,0.3393211704894996,2.5,0.13572846819579984,2.0,0.2714569363915997
2017,0.3470546653135688,3.5,0.09915847580387681,2.0,0.19831695160775362
2018,0.4061050283388419,4.5,0.09024556185307597,2.0,0.18049112370615195
2019,0.560511456282203,5.5,0.10191117386949146,2.0,0.20382234773898292
2020,0.7901956974759236,5.5,0.14367194499562247,3.0,0.4310158349868674
2021,0.7575228498853905,6.0,0.12625380831423175,3.5,0.44188832909981113
2022,0.574140678590981,6.5,0.08832933516784322,4.0,0.3533173406713729
2023,0.6717044931863145,7.0,0.09595778474090208,4.5,0.4318100313340594
2024,0.5516595295798591,7.5,0.07355460394398121,5.0,0.36777301971990606
