state,year,event_time,effect_pct,band95_lo_pct,band95_hi_pct,p_year,gn_reversal_pct,gn_scaled_low_pct,gn_scaled_high_pct
OH,2008,-6,-0.7572537669704005,-9.305606718921922,10.260399107673823,0.96,,,
OH,2009,-5,1.1543226824606512,-8.437381133428845,9.214875281935896,0.84,,,
OH,2010,-4,3.8775362644046796,-6.220589327315973,6.633214351311656,0.2,,,
OH,2011,-3,0.33022046795188054,-5.759790285435273,6.111818196161245,0.92,,,
OH,2012,-2,0.04723972361253548,-3.661236165542081,3.8003769405151377,1.0,,,
OH,2013,-1,-0.08099946573149053,-2.096513984053505,2.141408921549548,0.84,,,
OH,2014,0,1.7523569427776442,-3.796328870971455,3.9461372174455,0.48,0.0,0.0,0.0
OH,2015,1,1.4591812652597236,-4.269266881568479,4.4596617434098595,0.44,-1.4797991058893012,-3.2882011605415817,-4.761904761904767
OH,2016,2,-2.6989423229285436,-6.3119189857015705,6.737163273456592,0.36,-2.9377001578406947,-6.367041198501877,-9.090909090909093
OH,2017,3,-4.314321236177488,-6.723879290167067,7.20857518408593,0.2,-4.37402720306056,-6.367041198501877,-9.090909090909093
OH,2018,4,-3.4720168086809666,-8.795658799139861,9.643903659990372,0.56,-5.78909949350761,-6.367041198501877,-9.090909090909093
OH,2019,5,-5.144546575943654,-9.621134995036895,10.645337263870868,0.24,-7.183231556852954,-6.367041198501877,-9.090909090909093
OH,2020,6,-6.236724283453388,-9.934370062543941,11.030145538806124,0.2,-8.556733266389982,-9.255898366606175,-13.043478260869568
OH,2021,7,-5.269473323493701,-10.855109244709404,12.176928091714757,0.44,-9.909909909909908,-10.634495084897233,-14.893617021276595
OH,2022,8,-3.122729157711035,-12.216211385945975,13.916249889435939,0.6,-10.853469681002615,-11.9718309859155,-16.666666666666675
OH,2023,9,3.4101209455915438,-10.893931138834468,12.22580153974484,0.52,-11.787147066133297,-13.269731136166518,-18.36734693877551
OH,2024,10,4.965747331175452,-9.204219202562292,10.137276337869249,0.36,-12.711045568604318,-14.529914529914533,-20.000000000000007
KS,2009,-6,-3.734069467388068,-7.767135920907808,8.42122382131305,0.28,,,
KS,2010,-5,-2.3752912598079767,-5.834137178020815,6.195596793978586,0.64,,,
KS,2011,-4,-0.7921184271052928,-5.525334583831121,5.848482828165147,0.84,,,
KS,2012,-3,-0.96043828817578,-3.4669835545345085,3.591500278553017,0.48,,,
KS,2013,-2,-0.8356299079806173,-2.733692940977406,2.810524038214557,0.44,,,
KS,2014,-1,1.2207410413608066,-3.004468460957044,3.097532858766461,0.48,,,
KS,2015,0,-0.28595636144076453,-3.9798105138675766,4.144764278394142,0.88,0.0,,
KS,2016,1,3.9707261751019907,-6.464067070020008,6.910784836944894,0.28,-1.4797991058893012,,
KS,2017,2,3.4303340712931396,-6.814286779701795,7.312587460260445,0.32,-2.9377001578406947,,
KS,2018,3,5.306634870219873,-8.693729386825455,9.521503099887907,0.16,-4.37402720306056,,
KS,2019,4,0.31100037594091745,-9.50645261480374,10.505116540893699,1.0,-5.78909949350761,,
KS,2020,5,0.9117389605107551,-10.064446383001236,11.190731560803947,0.92,-7.183231556852954,,
KS,2021,6,-0.2791842032136338,-11.12613847688243,12.51902222566117,0.96,-8.556733266389982,,
KS,2022,7,3.3979708642352557,-12.344801042346354,14.08336435162294,0.64,-9.909909909909908,,
KS,2023,8,-4.878655635778739,-10.7489191838531,12.04346108255583,0.28,-10.853469681002615,,
KS,2024,9,-2.5395015027701806,-9.246577989006177,10.188682458592101,0.68,-11.787147066133297,,
WV,2009,-6,-2.683331062176919,-7.767135920907808,8.42122382131305,0.56,,,
WV,2010,-5,3.877536884269017,-5.834137178020815,6.195596793978586,0.16,,,
WV,2011,-4,5.698081797148724,-5.525334583831121,5.848482828165147,0.16,,,
WV,2012,-3,6.0708376342858195,-3.4669835545345085,3.591500278553017,0.04,,,
WV,2013,-2,-0.5065562147981928,-2.733692940977406,2.810524038214557,0.48,,,
WV,2014,-1,-4.59855963631477,-3.004468460957044,3.097532858766461,0.04,,,
WV,2015,0,0.1629179250603796,-3.9798105138675766,4.144764278394142,0.96,0.0,,
WV,2016,1,12.091629367257074,-6.464067070020008,6.910784836944894,0.04,-1.4797991058893012,,
WV,2017,2,10.998562245503795,-6.814286779701795,7.312587460260445,0.04,-2.9377001578406947,,
WV,2018,3,8.449212989853262,-8.693729386825455,9.521503099887907,0.08,-4.37402720306056,,
WV,2019,4,9.242177278273967,-9.50645261480374,10.505116540893699,0.08,-5.78909949350761,,
WV,2020,5,14.214927626170137,-10.064446383001236,11.190731560803947,0.08,-7.183231556852954,,
WV,2021,6,15.07310015806671,-11.12613847688243,12.51902222566117,0.04,-8.556733266389982,,
WV,2022,7,18.935832989817804,-12.344801042346354,14.08336435162294,0.04,-9.909909909909908,,
WV,2023,8,20.750113553574835,-10.7489191838531,12.04346108255583,0.04,-10.853469681002615,,
WV,2024,9,26.687113712737045,-9.246577989006177,10.188682458592101,0.04,-11.787147066133297,,
MT,2015,-6,-0.5166982317550639,-4.89412726836046,5.145977979898486,0.96,,,
MT,2016,-5,-0.4494815604423663,-4.715828814063072,4.949225831917703,0.92,,,
MT,2017,-4,-2.640445903238786,-4.912863147825874,5.166695843901148,0.16,,,
MT,2018,-3,-1.3247231059047682,-4.8222587364786795,5.066582451381296,0.52,,,
MT,2019,-2,-0.8171781753192997,-3.9152750020807425,4.074815223924011,0.64,,,
MT,2020,-1,0.12917820291600268,-3.3110053936525996,3.4243870330152637,0.96,,,
MT,2021,0,-3.1722739503992847,-5.952742155680413,6.329522297751877,0.36,0.0,,
MT,2022,1,-7.746503856582776,-10.176353501713841,11.329258940637633,0.16,-1.4797991058893012,,
MT,2023,2,-0.29778924216722347,-9.528981992975327,10.53263487345244,0.96,-2.9377001578406947,,
MT,2024,3,-2.855751917414584,-7.123180642155491,7.669492443222703,0.36,-4.37402720306056,,
